date,killed,injured,location
1/1/2013,4,0,"Sacramento, CA"
1/1/2013,1,3,"Hawthorne, CA"
1/1/2013,0,4,"McKeesport, PA"
1/1/2013,1,4,"Lorain, OH"
1/5/2013,4,0,"Aurora, CO"
1/7/2013,5,0,"Tulsa, OK"
1/7/2013,2,2,"Greensboro, NC"
1/7/2013,3,1,"Dinwiddie, VA"
1/10/2013,3,2,"New Orleans, LA"
1/12/2013,1,4,"Tuscaloosa, AL"
1/19/2013,5,0,"Albuquerque, NM"
1/21/2013,0,4,"Brentwood, CA"
1/21/2013,0,5,"New Orleans, LA"
1/25/2013,1,4,"St. Louis, MO"
1/26/2013,1,3,"Springfield, OH"
1/26/2013,0,5,Washington DC
1/27/2013,1,3,"Charenton, LA"
1/30/2013,3,1,"Phoenix, AZ"
2/1/2013,1,3,"Oakland, CA"
2/2/2013,0,5,"Memphis, TN"
2/3/2013,5,4,"Began in Riverside, CA"
2/3/2013,1,3,"Olivehurst, CA"
2/3/2013,2,2,"Memphis, TN"
2/6/2013,3,1,"Denver, CO"
2/7/2013,0,4,"Chicago, IL"
2/9/2013,0,4,"New Orleans, LA"
2/11/2013,1,4,"Vallejo, CA"
2/11/2013,1,4,"Oakdale, MN"
2/11/2013,3,2,"Wilmington, DE"
2/12/2013,3,1,"Suburban Salt Lake City (Midvale), UT"
2/13/2013,2,2,"Red Springs, NC"
2/16/2013,1,3,"Winston-Salem, NC"
2/19/2013,4,3,"Tustin, CA"
2/21/2013,1,3,"Tulsa, OK"
2/21/2013,2,2,"Miami, FL"
2/22/2013,0,4,"Grand Rapids, MI"
2/23/2013,0,4,"Oakland, CA"
2/23/2013,0,4,"Lancaster, CA"
2/24/2013,0,8,"Macon, GA"
3/2/2013,1,3,"Shreveport, LA"
3/3/2013,1,3,"Moultrie, GA"
3/3/2013,0,6,"Houston, TX"
3/4/2013,0,4,"Saginaw, MI"
3/4/2013,1,3,"Los Banos, CA"
3/5/2013,1,3,"Indianapolis, IN"
3/5/2013,0,4,"Fuquay-Varina, NC"
3/7/2013,2,2,"Jackson, MS"
3/8/2013,1,3,"Buffalo, NY"
3/11/2013,0,13,"Washington, DC"
3/11/2013,1,3,"North Liberty, IA"
3/13/2013,2,2,"San Diego, CA"
3/13/2013,5,2,"Herkimer, NY"
3/14/2013,4,0,"Mesquite, TX"
3/14/2013,0,4,"Modesto, CA"
3/16/2013,0,7,"Galt, CA"
3/17/2013,2,4,"Stockton, CA"
3/17/2013,0,5,"Belle Glade, FL"
3/20/2013,3,1,"Jefferson County, AL"
3/21/2013,0,7,"Chicago, IL"
3/21/2013,1,4,"Kansas City, MO"
3/22/2013,1,3,"Brooklyn, NY"
3/26/2013,0,4,"St. Petersberg, FL"
3/31/2013,3,1,"Auburn, WA"
3/31/2013,2,3,"Merced County, CA"
4/2/2013,4,1,"San Juan, Puerto Rico"
4/6/2013,0,4,"Philadelphia, PA"
4/6/2013,1,4,"Greenwood, SC"
4/7/2013,1,3,"Manhatten, Kansas"
4/7/2013,1,3,"Long Beach, CA"
4/9/2013,1,3,"Philadelphia, PA"
4/10/2013,0,4,"Vallejo, CA"
4/13/2013,0,5,"Norfolk, VA"
4/13/2013,0,4,"Merced, CA"
4/14/2013,2,4,"Phoenix, AZ"
4/14/2013,1,4,"Lexington, KY"
4/18/2013,2,2,"Northhampton, PA"
4/18/2013,2,2,"Boston, MA"
4/18/2013,4,0,"Akron, OH"
4/20/2013,2,2,"Richmond, VA"
4/20/2013,2,2,"Modesto, CA"
4/21/2013,5,2,"Federal Way, WA"
4/22/2013,0,4,"Englewood, Illinois"
4/22/2013,0,5,"Havey, Louisiana"
4/24/2013,6,1,"Manchester, IL"
4/25/2013,0,4,"Oberlin, Ohio"
4/27/2013,1,4,"Williston, FL"
4/28/2013,0,4,"Lauderdale Lakes, FL"
4/28/2013,0,5,"Charlotte, NC"
4/28/2013,4,0,"Ottawa, KA"
4/28/2013,1,3,"Chester, PA"
4/28/2013,2,2,"Jackson, Tennessee"
5/2/2013,0,5,"Newark, NJ"
5/4/2013,0,4,"Smithfield, NC"
5/4/2013,4,6,"Aguas Buenas, PR"
5/5/2013,1,3,"Oakland, CA"
5/5/2013,0,6,"E. Palo Alto, CA"
5/6/2013,0,4,"Johnstown, PA"
5/6/2013,0,4,"Ocean Township, NJ"
5/8/2013,4,0,"Hendersonville, NC"
5/10/2013,3,1,"Harbor Gateway (Los Angeles), CA"
5/11/2013,4,0,"Waynesville, IN"
5/11/2013,0,4,"East Germantown, PA"
5/12/2013,0,4,"Apache Junction, AZ"
5/12/2013,0,5,"Newark, NJ"
5/12/2013,0,4,"Hollister, CA"
5/12/2013,0,4,"Jersey City, NJ"
5/12/2013,0,19,"New Orleans, LA"
5/13/2013,0,5,"Winton Hills, OH"
5/15/2013,5,0,"Fernley, NV"
5/15/2013,1,4,"Detroit, MI"
5/16/2013,0,4,"Philadelphia, PA"
5/18/2013,3,3,"Las Piedras, PR"
5/19/2013,0,4,"Detroit, MI"
5/19/2013,0,4,"Lunenburg, VA"
5/19/2013,2,2,"South Memphis, TN"
5/20/2013,0,4,"Chicago, IL"
5/21/2013,0,4,"Madison County, AL"
5/21/2013,4,0,"Herndon, VA"
5/23/2013,2,2,"Knoxville, TN"
5/23/2013,1,3,"Saginaw, MI"
5/24/2013,2,2,"Bakersfield, CA"
5/25/2013,1,4,"Hampton, VA"
5/25/2013,1,3,"Flint, MI"
5/26/2013,3,5,"Began in Eden, TX"
5/28/2013,5,0,"Sells, AZ"
5/28/2013,1,3,"Memphis, TN"
5/29/2013,0,4,"Chicago, IL"
5/31/2013,0,4,"Atlanta, GA"
6/1/2013,2,2,"Vallejo, CA"
6/1/2013,0,4,"Milwaukee, WI"
6/2/2013,0,7,"LaGrange, GA"
6/2/2013,0,4,"Indianapolis, IN"
6/2/2013,0,4,"Virginia Beach, VA"
6/2/2013,0,5,"Roanoke, VA"
6/3/2013,2,2,"Las Vegas, NV"
6/4/2013,2,2,"Shoreview, MN"
6/5/2013,0,10,"Elburn, IL"
6/7/2013,5,5,"Santa Monica, CA"
6/9/2013,0,4,"York City, PA"
6/10/2013,1,5,"Chicago, IL"
6/10/2013,0,6,"St. Louis, MO"
6/11/2013,4,0,"Darien, IL"
6/12/2013,4,0,"St. Louis, MO"
6/14/2013,0,4,"High Point, NC"
6/15/2013,0,4,"Nashville, TN"
6/15/2013,1,3,"Houston, TX"
6/16/2013,1,3,"Chicago, IL"
6/18/2013,1,3,"Berkeley, MO"
6/19/2013,3,1,"Louisville, KY"
6/21/2013,1,3,"Chicago, IL"
6/21/2013,0,6,"Norfolk, VA"
6/22/2013,0,4,"Providence, RI"
6/22/2013,0,5,"Greenville, NC"
6/22/2013,1,4,"Paterson, NJ"
6/22/2013,1,4,"Baltimore, MD"
6/23/2013,1,3,"Chattanooga, TN"
6/23/2013,1,8,"Kansas City, MO"
6/23/2013,0,4,"Gentilly, LA"
6/23/2013,1,4,"Virginia Beach, VA"
6/23/2013,1,3,"Sacramento, CA"
6/24/2013,1,3,"Kansas City, MO"
6/25/2013,1,4,"Chicago, IL"
6/27/2013,2,2,"Three Rivers, CA"
6/27/2013,1,3,"Baltimore, MD"
6/28/2013,0,6,"Chicago, IL"
6/29/2013,3,1,"North Charleston, SC"
6/29/2013,0,4,"Aurora, CO"
6/30/2013,0,9,"Brooklyn, NY"
7/1/2013,4,0,"Fort Worth, TX"
7/2/2013,1,3,"Montgomery, AL"
7/3/2013,1,3,"Calais, ME"
7/4/2013,1,6,"Pontiac, MI"
7/4/2013,0,4,"Woodlawn, IL"
7/5/2013,1,3,"Macon, GA"
7/6/2013,0,4,"Florence, AL"
7/6/2013,1,7,"Chicago, IL"
7/6/2013,1,3,"Brooklyn, NY"
7/6/2013,1,3,"Los Angeles, CA"
7/7/2013,1,3,"Pompano Beach, FL"
7/7/2013,0,4,"Meridian, MS"
7/7/2013,1,4,"Stockton, CA"
7/7/2013,1,5,"Chicago, IL"
7/9/2013,0,4,"Baltimore, MD"
7/9/2013,2,2,"Rockford, IL"
7/10/2013,2,12,"Kissimmee, FL"
7/11/2013,1,3,"Charlotte, NC"
7/12/2013,1,3,"San Francicsco, CA"
7/12/2013,1,4,"Hamilton Township, NJ"
7/12/2013,2,2,"Greensburg, KY"
7/13/2013,1,3,"Oklahoma City, OK"
7/13/2013,0,4,"Washington, DC"
7/14/2013,1,4,"Wichita, KS"
7/14/2013,0,5,"Kentwood, MI"
7/14/2013,2,2,"Lexington, SC"
7/17/2013,3,1,"Oakland, CA"
7/19/2013,0,4,"Madera, CA"
7/19/2013,0,4,"Hartford, CT"
7/20/2013,0,5,"Campbell, OH"
7/21/2013,1,3,"Chicago, IL"
7/21/2013,0,4,"Brooklyn (Crown Heights), NY"
7/21/2013,0,5,"Brooklyn (Bushwick), NY"
7/21/2013,2,2,"Fort Pierce, FL"
7/24/2013,0,4,"Topeka, KS"
7/25/2013,0,4,"Inkster, MI"
7/26/2013,4,0,"Clarksburg, WV"
7/26/2013,7,0,"Hialea, FL"
7/27/2013,1,3,"Farmington, NM"
7/28/2013,1,3,"Irvington, NJ"
7/28/2013,0,5,"Dallas, TX"
7/28/2013,0,4,"Granger, WA"
7/30/2013,0,4,"Lea County (Hobbs), NM"
8/2/2013,0,4,"Broad Ripple, IN"
8/2/2013,2,3,"Newark, NJ"
8/2/2013,4,0,"Whitesburg, KY"
8/3/2013,0,5,"Detriot, MI"
8/4/2013,3,4,"Salinas, CA"
8/4/2013,1,3,"Kansas City, Mo"
8/5/2013,3,4,"Ross Township, PA"
8/5/2013,0,4,"Montclair, NJ"
8/7/2013,4,4,"Dallas, TX"
8/11/2013,1,4,"Portsmouth, VA"
8/11/2013,4,0,"Omaha, NE"
8/11/2013,1,3,"Flatbush, NY"
8/11/2013,2,2,"St. Louis, MO"
8/11/2013,0,4,"Wilmington, DE"
8/12/2013,0,4,"Cincinnati, OH"
8/15/2013,4,0,"Oklahoma, OK"
8/16/2013,0,4,"Kingsessing, PA"
8/17/2013,0,4,"Oakland, CA"
8/18/2013,0,4,"Port Norris, NJ"
8/18/2013,0,4,"Toledo, OH"
8/18/2013,1,3,"Rochester, NY"
8/18/2013,0,4,"St. Louis, MO"
8/18/2013,1,3,"Chicago, IL"
8/18/2013,1,4,"Chesterfield County, SC"
8/19/2013,1,4,"Chicago, IL"
8/20/2013,2,2,"Baltimore, MD"
8/20/2013,0,4,"Vanceboro, NC"
8/22/2013,2,2,"Shaler, PA"
8/23/2013,1,6,"Baltimore, MD"
8/24/2013,0,4,"Indianapolis, IN"
8/25/2013,3,2,"Lake Butler, FL"
8/25/2013,2,2,"Minneapolis, MN"
8/25/2013,0,4,"Oakland, CA"
8/25/2013,1,4,"Dillon County, SC"
8/28/2013,3,2,"Columbus, OH"
9/5/2013,0,4,"Charlotte, NC"
9/7/2013,1,3,"St. Louis, MO"
9/7/2013,2,4,"Gary, IN"
9/10/2013,1,4,"Bridgeport, CT"
9/11/2013,1,3,"Washington, DC"
9/11/2013,0,4,"New York, NY"
9/11/2013,4,0,"Renegade Mountain, TN"
9/13/2013,0,4,"Centreville, IL"
9/14/2013,0,4,"Marion, NC"
9/15/2013,0,7,"Fresno, CA"
9/15/2013,0,5,"Colorado Springs, CO"
9/15/2013,0,4,"Wilmington, DE"
9/15/2013,2,2,"Bakersfield, CA"
9/15/2013,0,6,"Yakima, WA"
9/15/2013,3,1,"Snellville, GA"
9/16/2013,13,8,"Washington, DC"
9/17/2013,1,4,"Stockton, CA"
9/17/2013,0,4,"Lansing, MI"
9/17/2013,0,4,"Las Vegas, NV"
9/17/2013,4,0,"West Broward, FL"
9/18/2013,1,4,"Whitehaven, TN"
9/18/2013,0,5,"Kissimmee, FL"
9/18/2013,1,4,"Bakersfield, CA"
9/19/2013,0,13,"Chicago, IL"
9/20/2013,5,0,"Rice, TX"
9/20/2013,2,2,"Long Beach, CA"
9/21/2013,0,4,"Palm Springs, FL"
9/22/2013,1,6,"Witchita, KA"
9/22/2013,1,3,"St. Louis, MO"
9/22/2013,3,1,"Muskegon, MI"
9/24/2013,0,6,"Huntington, WV"
9/25/2013,0,4,"Haw River, NC"
9/26/2013,0,4,"Jacksonville, FL"
9/27/2013,4,0,"Ashville, PA"
9/29/2013,0,4,"Zanesville, OH"
9/29/2013,1,4,"Chicago, IL"
10/2/2013,4,0,"Double Springs, AL"
10/2/2013,0,4,"Omaha, NE"
10/5/2013,1,13,"Fresno, CA"
10/6/2013,0,4,"Avondale, AZ"
10/6/2013,1,5,"Phillidelphia, PA"
10/6/2013,0,4,"Buffalo, NY"
10/9/2013,4,0,"Paris, TX"
10/12/2013,2,2,"Tulsa, OK"
10/12/2013,0,5,"Tulsa, OK"
10/13/2013,0,8,"Harrisburg, PA"
10/18/2013,0,4,"Margate, FL"
10/20/2013,2,2,"Reno, NV"
10/20/2013,2,4,"Pittsburgh, PA"
10/20/2013,1,4,"Las Vegas, NV"
10/20/2013,2,2,"Miami-Dade, FL"
10/26/2013,0,4,"Miami Gardens, FL"
10/26/2013,1,5,"New Haven, CT"
10/26/2013,1,3,"Ridgecrest, CA"
10/26/2013,5,0,"Phonix, AZ"
10/27/2013,1,6,"Sacramento, CA"
10/27/2013,1,7,"Vallejo, CA"
10/27/2013,0,4,"Beaumont, TX"
10/27/2013,0,4,"Albuquerque, NM"
10/27/2013,0,6,"Roseville, CA"
10/27/2013,1,4,"Southern Pines, NC"
10/28/2013,5,0,"Terrell, TX"
10/29/2013,6,0,"Callison, SC"
10/31/2013,2,2,"Fayetteville, NC"
11/2/2013,1,3,"Radcliff, KY"
11/3/2013,1,4,"Los Angeles, CA"
11/4/2013,0,5,"Perris, CA"
11/5/2013,1,3,"Fresno, CA"
11/5/2013,0,4,"Washington, DC"
11/5/2013,3,7,"Detroit, MI"
11/7/2013,4,0,"Jacksonville, FL"
11/9/2013,2,16,"Cyprus, TX"
11/9/2013,1,3,"Phoenix, AZ"
11/10/2013,1,3,"Canton, OH"
11/10/2013,4,1,"Brooklyn, NY"
11/12/2013,4,0,"Phoenix, AZ"
11/17/2013,1,3,"Houston, TX"
11/20/2013,3,2,"Houston, TX"
11/20/2013,3,1,"Miami-Dade, FL"
11/21/2013,0,4,"Philadelphia, PA"
11/22/2013,2,2,"Columbus, OH"
11/23/2013,4,0,"Parsons, KA"
11/23/2013,4,1,"Tulsa, OK"
11/24/2013,0,7,"Oakland, CA"
11/24/2013,1,3,"Minneapolis, MN"
11/28/2013,0,4,"Rochester, NY"
11/29/2013,0,4,"Fresno, CA"
11/29/2013,0,4,"Indianapolis, IN"
11/30/2013,0,5,"Lansing, MI"
11/30/2013,0,4,"Valdosta, GA"
12/1/2013,4,0,"Topeka, KA"
12/1/2013,2,2,"Miami, FL"
12/2/2013,1,3,"Gary, IN"
12/3/2013,4,0,"Alma, AL"
12/3/2013,0,4,"Louisville, KY"
12/3/2013,4,0,"Erwin, TN"
12/7/2013,0,4,"Wilmington, DE"
12/8/2013,4,0,"Manchester, CT"
12/9/2013,2,3,"Miami-Dade, FL"
12/13/2013,1,3,"Huntington, WV"
12/14/2013,0,4,"Statesville, NC"
12/15/2013,1,3,"Florida City, FL"
12/15/2013,0,5,"Channelview, TX"
12/17/2013,2,2,"Reno, NV"
12/21/2013,1,4,"Trenton, NJ"
12/22/2013,0,4,"Shelby, NC"
12/22/2013,1,3,"Fruitland Township, MI"
12/25/2013,1,3,"Medford, NY"
12/25/2013,3,2,"Irvington, NJ"
12/26/2013,1,7,"Slidell, LA"
12/26/2013,4,3,"Raceland, LA"
12/29/2013,2,2,"Miami-Dade, FL"
12/29/2013,2,6,"Montgomery, AL"
12/30/2013,4,0,"Pleasant Valley, NY"
12/31/2013,0,5,"Brooklyn, NY"
12/31/2013,4,0,"Fontana, CA"
12/31/2013,2,2,"Barberton, OH"
1/1/2014,2,2,"Norfolk, VA"
1/3/2014,1,3,"New York (Queens), NY"
1/4/2014,2,2,"Rock Falls, IL"
1/5/2014,1,3,"Erie, OH"
1/5/2014,0,4,"Atlanta, Ga"
1/12/2014,0,5,"Elgin, Il"
1/12/2014,0,5,"Huntsville, AL"
1/12/2014,0,4,"Portland, OR"
1/14/2014,0,4,"Los Angeles, CA"
1/16/2014,1,4,"Ardmore, OK"
1/16/2014,2,2,"Fresno, CA"
1/16/2014,5,0,"Spanish Fork, UT"
1/20/2014,0,4,"Manassas, VA"
1/21/2014,2,3,"Newark, NJ"
1/25/2014,0,4,"Belle Glade, FL"
1/25/2014,1,4,"Chicago, IL"
1/27/2014,0,4,"Rocky Mount, NC"
1/27/2014,1,4,"Seattle, WA"
1/28/2014,3,5,"Baltimore, MD"
1/28/2014,0,5,"Milwaukee, WI"
2/2/2014,3,2,"Franklin, IL"
2/3/2014,4,0,"Cypress, TX"
2/5/2014,1,3,"Perry, FL"
2/6/2014,1,3,"Chicago, IL"
2/6/2014,4,0,"Defiance, OH"
2/7/2014,0,4,"New Orleans, LA"
2/12/2014,0,5,"Gary, IN"
2/12/2014,1,3,"Oakland, CA"
2/12/2014,1,3,"Stockton, Ca"
2/15/2014,0,5,"Las Vegas, NV"
2/15/2014,0,5,"Fort Wayne, In"
2/16/2014,1,3,"Saginaw, Mi"
2/16/2014,1,4,"Fort Worth, Tx"
2/16/2014,1,4,"Jacksonville, Fl"
2/16/2014,1,6,"Dallas, Tx"
2/16/2014,1,6,"Pine Hills, FL"
2/18/2014,0,6,"Fort Lauderdale, Fl"
2/20/2014,4,2,"Alturas, Ca"
2/20/2014,4,0,"Indianapolis, IN"
2/23/2014,0,4,"Wilmington, CA"
2/24/2014,4,1,"Glade Spring, VA"
2/26/2014,4,0,"Oak Lawn, IL"
3/1/2014,1,4,"Pittsburgh, PA"
3/3/2014,0,4,"Detroit, Mi"
3/5/2014,3,1,"Pelzer, NC"
3/8/2014,1,3,"Richmond, Ca"
3/9/2014,0,4,"Milwaukee, WI"
3/9/2014,0,6,"Chicago, IL"
3/9/2014,3,1,"Fremont, OH"
3/14/2014,0,4,"Brooklyn, NY"
3/16/2014,3,1,"Beaumont, TX"
3/16/2014,0,4,"Waynsboro, GA"
3/22/2014,0,4,"Sikeston, Mo"
3/22/2014,0,4,"North Charlston, SC"
3/23/2014,1,3,"Arlington, TX"
3/24/2014,0,7,"San Francisco, CA"
3/24/2014,1,3,"Long Beach, CA"
3/30/2014,0,5,"Starkville, MS"
3/30/2014,0,5,"Charlotte, NC"
4/3/2014,4,16,"Kileen, TX"
4/4/2014,0,4,"Detroit, Mi"
4/5/2014,1,5,"Chicago, Il"
4/5/2014,1,3,"Phoenix, Az"
4/5/2014,0,4,"Fairfield, Ca"
4/6/2014,0,4,"Oklahoma City, Ok"
4/6/2014,0,4,"Springfield, Ma"
4/7/2014,0,4,"New Orleans, LA"
4/9/2014,0,5,"Rockford, IL"
4/10/2014,1,3,"Arlington, TX"
4/11/2014,0,4,"Richmond, IN"
4/12/2014,1,3,"New Orleans, LA"
4/13/2014,3,1,"Lookout Valley, TN"
4/14/2014,0,4,"Washington, DC"
4/14/2014,1,3,"Vineland, NJ"
4/17/2014,0,4,"Nashville, TN"
4/20/2014,0,5,"Chicago, Il"
4/20/2014,2,2,"Tampa Bay, FL"
4/20/2014,1,3,"Mankato, MN"
4/20/2014,0,6,"Montgomory, IL"
4/24/2014,1,3,"Houston, TX"
4/25/2014,2,3,"Memphis, TN"
4/27/2014,1,3,"Rome, GA"
4/27/2014,0,5,"Troy, NY"
4/29/2014,1,6,"Cobb County, GA"
4/30/2014,0,4,"Chicago, Il"
5/3/2014,4,4,"Jonesboro, AR"
5/3/2014,0,4,"Houston, TX"
5/5/2014,2,2,"Fort Bend County, TX"
5/5/2014,0,4,"Chicago, Il"
5/5/2014,0,4,"Wheat Ridge, CO"
5/9/2014,4,0,"Tampa, FL"
5/9/2014,4,0,"Pomona, CA"
5/10/2014,1,6,"Sacramento, CA"
5/10/2014,1,3,"DeKalb, GA"
5/10/2014,0,7,"Memphis, TN"
5/11/2014,1,3,"Kileen, TX"
5/11/2014,2,3,"DeKalb, GA"
5/12/2014,0,4,"Chicago, Il"
5/13/2014,0,5,"Atlanta, GA"
5/17/2014,0,5,"Washington, DC"
5/18/2014,2,2,"Cobb County, GA"
5/18/2014,0,7,"Sandusky, OH"
5/17/2014,1,3,"Coachella, CA"
5/22/2014,1,3,"Dallas, Tx"
5/23/2014,4,8,"Santa Barbara,CA"
5/24/2014,1,3,"Bellflower, CA"
5/24/2014,1,7,"New Orleans, LA"
5/24/2014,0,4,"San Antonio, TX"
5/24/2014,0,5,"Detroit, Mi"
5/25/2014,1,3,"Toledo, OH"
5/25/2014,3,1,"Myrtle Beach, SC"
5/27/2014,0,4,"Norwalk, CA"
5/28/2014,4,0,"Mission Viejo, CA"
5/31/2014,0,4,"Brooklyn, NY"
5/31/2014,1,3,"San Bernardino, CA"
6/1/2014,1,5,"Chicago, Il"
6/1/2014,0,4,"Sacramento, CA"
6/3/2014,1,4,"Atlanta, GA"
6/5/2014,1,3,"Seattle, WA"
6/7/2014,1,4,"Moncks Corner, SC"
6/6/2014,1,3,"Oak Park, MI"
6/8/2014,5,0,"Las Vegas, NV"
6/8/2014,5,0,"San Carlos Park, FL"
6/8/2014,1,4,"Opp, AL"
6/9/2014,3,1,"Chicago, IL"
6/9/2014,0,6,"Paterson, NJ"
6/13/2014,3,1,"Los Angelas, CA"
6/15/2014,0,4,"Kokomo, IN"
6/15/2014,0,4,"Park Forest, IL"
6/20/2014,0,4,"Seat Pleasant, MD"
6/21/2014,0,5,"Memphis, TN"
6/22/2014,1,3,"Windsor, CA"
6/24/2014,2,7,"Miami, FL"
6/25/2014,0,5,"Lowell, MA"
6/26/2014,0,5,"Milwaukee, WI"
6/26/2014,2,2,"Detroit, Mi"
6/28/2014,0,7,"Antioch, CA"
6/29/2014,0,4,"St. Louis, MO"
6/29/2014,1,4,"Los Angeles, CA"
6/29/2014,1,8,"New Orleans, LA"
6/29/2014,1,3,"San Diego, CA"
6/30/2014,1,3,"Lexington, KY"
7/2/2014,0,5,"Chester Township, PA"
7/5/2014,1,4,"Portland, OR"
7/5/2014,0,7,"Norfolk, VA"
7/5/2014,0,4,"Houston, TX"
7/5/2014,0,7,"Broad Ripple, IN"
7/5/2014,0,5,"Centerville, IL"
7/6/2014,0,4,"Buffalo, NY"
7/6/2014,2,2,"Bogalusia, LA"
7/6/2014,0,4,"St Louis, MO"
7/7/2014,0,4,"Stopover, KY"
7/7/2014,2,2,"Miami, FL"
7/8/2014,1,4,"San Bernardino, CA"
7/8/2014,0,5,"Providence, RI"
7/9/2014,6,1,"Houston, TX"
7/12/2014,3,2,"Pasadena, CA"
7/13/2014,1,4,"Sacramento, CA"
7/13/2014,0,5,"Skyline, WA"
7/13/2014,0,5,"Stamford, CT"
7/19/2014,1,4,"Chicago, IL"
7/20/2014,1,3,"St. Louis, MO"
7/20/2014,1,3,"Washington Park, IL"
7/20/2014,1,3,"Las Vegas, NV"
7/20/2014,0,6,"Irvington, NJ"
7/20/2014,1,4,"Kent, WA"
7/21/2014,0,4,"Memphis, TN"
7/22/2014,3,1,"Moreno Valley, CA"
7/23/2014,0,4,"Pittsburgh, PA"
7/25/2014,1,6,"Chicago, IL"
7/26/2014,1,3,"Pine Bluff, AR"
7/26/2014,0,7,"Sylvester, GA"
7/27/2014,0,4,"Kalamazoo, MI"
7/27/2014,5,0,"Saco, ME"
7/28/2014,1,4,"Philadelphia, PA"
7/28/2014,1,3,"New York, NY"
7/31/2014,3,3,"Fayetteville, NC"
8/1/2014,1,3,"Philadelphia, PA"
8/2/2014,3,1,"Dallas, TX"
8/2/2014,1,5,"Pittsburgh, PA"
8/2/2014,0,7,"New Bedford, MA"
8/2/2014,0,4,"Salem City, NJ"
8/3/2014,5,0,"Culpeper, VA"
8/3/2014,0,6,"Houston, TX"
8/3/2014,0,5,"St. Louis, MO"
8/3/2014,1,3,"Beloit, WI"
8/3/2014,0,4,"Columbia, TN"
8/4/2014,0,5,"Atlanta, GA"
8/5/2014,3,1,"Fayetteville, NC"
8/6/2014,3,1,"Bakersfield, CA"
8/6/2014,0,4,"Chicago, IL"
8/7/2014,0,4,"Wichita, KS"
8/7/2014,0,4,"St. Pauls, PA"
8/8/2014,1,3,"Albuquerque, NM"
8/8/2014,0,4,"Milwaukee, WI"
8/8/2014,0,4,Washington DC
8/8/2014,0,4,"Hauma, LA"
8/9/2014,0,9,"Minneapolis, MN"
8/9/2014,0,4,"Columbus, OH"
8/9/2014,0,4,"Philadelphia, PA"
8/10/2014,2,5,"New Orleans, LA"
8/10/2014,0,6,"Wrightsville, GA"
8/10/2014,0,7,"Moreno Valley, CA"
8/10/2014,0,6,Washington DC
8/12/2014,2,3,"Buffalo, NY"
8/12/2014,3,4,"Cartersville, GA"
8/13/2014,1,5,"Memphis, TN"
8/13/2014,0,4,"New Orleans, LA"
8/14/2014,1,3,"Sauk Villiage, IL"
8/15/2014,2,2,"Knoxville, TN"
8/16/2014,2,2,"Camp Spring, MD"
8/16/2014,1,3,"Plainfield, NJ"
8/16/2014,0,6,"Salt Lake City, UT"
8/17/2014,0,4,"Las Vegas, NV"
8/17/2014,0,4,"Queens, NY"
8/17/2014,0,4,"Boston, MA"
8/17/2014,1,4,"Palo Alto, CA"
8/20/2014,0,5,"Frayser, TN"
8/24/2014,1,3,"Chicago, IL"
8/25/2014,2,4,"San Fernando Valley, CA"
8/25/2014,0,4,"Chicago, IL"
8/26/2014,4,0,"Tulsa, OK"
8/27/2014,3,4,"Los Angeles, CA"
8/27/2014,1,3,"Detroit, Mi"
8/30/2014,4,0,"Elmhurst, IL"
8/30/2014,3,1,"Brooksville, FL"
8/31/2014,0,5,"Livermore, CA"
8/31/2014,2,2,"Birmingham, AL"
9/1/2014,2,2,"Greensboro, NC"
9/1/2014,1,3,"Brooklyn, NY"
9/1/2014,4,1,"Greenville, NC"
9/2/2014,3,2,"Kansas City, KS"
9/2/2014,0,5,"Highland, CA"
9/2/2014,2,3,"Jackson, MS"
9/3/2014,0,4,"Los Angeles, CA"
9/4/2014,0,5,"Flint, MI"
9/6/2014,0,5,"Orlando, FL"
9/6/2014,0,5,"Macon, GA"
9/11/2014,2,5,"Detroit, Mi"
9/14/2014,3,1,"Corpus Christi, TX"
9/14/2014,1,3,"Norfolk, VA"
9/14/2014,0,6,"Anchorage, AK"
9/14/2014,0,7,"Abbeville, LA"
9/15/2014,0,4,"Cleveland, OH"
9/15/2014,0,5,"New Orleans, LA"
9/18/2014,8,0,"Bell, FL"
9/19/2014,0,4,"Queens, NY"
9/20/2014,2,2,"Panola County, MS"
9/21/2014,0,4,"East Liverpool, OH"
9/21/2014,2,2,"Philadelphia, PA"
9/28/2014,0,4,"Philadelphia, PA"
9/28/2014,0,15,"Miami, FL"
9/28/2014,1,6,"Walterboro, SC"
9/28/2014,0,4,"Indianapolis, IN"
9/29/2014,0,4,"Fresno, CA"
9/30/2014,0,5,"Detroit, Mi"
10/2/2014,0,5,"Darlington, SC"
10/4/2014,0,4,"Pomona, CA"
10/4/2014,1,3,"Chicago, IL"
10/4/2014,2,2,"Memphis, TN"
10/5/2014,3,2,"Jacksonville, FL"
10/6/2014,1,5,"Detroit, Mi"
10/7/2014,2,2,"Aberdeen, MS"
10/8/2014,4,0,"Guilderland, NY"
10/8/2014,0,4,"Richmond, VA"
10/9/2014,1,3,"Oklahoma City, OK"
10/9/2014,0,4,"Atlanta, GA"
10/10/2014,0,5,"Utica, NY"
10/11/2014,3,1,"Stockton, CA"
10/12/2014,1,3,"Atlanta, GA"
10/14/2014,3,2,"Peachtree Corners, GA"
10/16/2014,3,1,"Port Orange, FL"
10/16/2014,1,3,"Detroit, Mi"
10/18/2014,1,3,"Aiken, SC"
10/18/2014,0,4,"Brooklyn, NY"
10/20/2014,0,4,"Detroit, Mi"
10/22/2014,0,4,"Joliet, IL"
10/24/2014,5,1,"Marysville, WA"
10/26/2014,4,0,"Cadiz, KY"
10/29/2014,0,5,"Raleigh, NC"
11/5/2014,0,4,"San Francisco, CA"
11/7/2014,0,4,"Los Angeles, CA"
11/8/2014,0,5,"Pomona, CA"
11/8/2014,1,4,"Greensboro, NC"
11/15/2014,3,1,"Springfield, MO"
11/16/2014,1,4,"Akron, OH"
11/16/2014,1,3,"Miami, FL"
11/17/2014,0,6,"El Paso, TX"
11/17/2014,0,4,"North Las Vegas, NV"
11/19/2014,1,3,"Chicago, IL"
11/19/2014,4,1,"Cleveland, OH"
11/19/2014,1,3,"Tallahassee, FL"
11/20/2014,3,1,"Tabernacle, NJ"
11/21/2014,0,6,"Clairton, PA"
11/22/2014,1,3,"Springfield, OH"
11/22/2014,4,1,"Sisseton, SD"
11/23/2014,0,4,"Accomack County, VA"
11/23/2014,5,0,"Cleveland, OH"
11/26/2014,0,6,"San Francisco, CA"
11/26/2014,0,4,"Reading, PA"
11/28/2014,2,3,"Weir, TX"
11/28/2014,0,4,"Memphis, TN"
11/29/2014,3,2,"Atlanta, GA"
11/29/2014,1,3,"Newark, NJ"
11/30/2014,0,5,"Chattanooga, TN"
11/30/2014,0,4,"Brooklyn, NY"
12/1/2014,5,0,"Westover, WV"
12/2/2014,0,5,"Newport News, VA"
12/2/2014,2,4,"St. Louis, MO"
12/3/2014,1,3,"Cabarrus County, NC"
12/4/2014,3,1,"Bradenton, FL"
12/6/2014,0,4,"Minneapolis, MN"
12/7/2014,0,4,"St. Joseph County, IN"
12/12/2014,0,4,"Portland, OR"
12/13/2014,0,5,"Tampa, FL"
12/14/2014,1,4,"Miami, FL"
12/14/2014,2,4,"Macon, GA"
12/15/2014,0,4,"Chicago, IL"
12/15/2014,6,3,"Montgomery County, PA"
12/16/2014,0,4,"Elizabeth, NJ"
12/20/2014,4,0,"Rockford, Il"
12/21/2014,1,10,"Calumet City, IL"
12/21/2014,2,2,"Sarasota, Fl"
12/21/2014,2,2,"Denton, TX"
12/22/2014,0,5,"Chicago, IL"
12/22/2014,0,4,"Fresno, CA"
12/22/2014,1,3,"Detroit, MI"
12/22/2014,0,9,"West Little River, FL"
12/22/2014,3,2,"Webster, NY"
12/23/2014,1,3,"Winchester, KY"
12/24/2014,1,3,"St. Louis, MO"
12/26/2014,1,3,"East St. Louis, IL"
12/26/2014,1,3,"Shreveport, LA"
12/27/2014,1,3,"Los Angeles, CA"
12/27/2014,0,4,"Sacramento, CA"
12/29/2014,0,4,"New Orleans, LA"
1/1/2015,0,5,"Memphis, TN"
1/2/2015,1,4,"Savannah, GA"
1/4/2015,3,1,"Dallas, TX"
1/4/2015,2,4,"Roanoke, VA"
1/6/2015,1,3,"Miami, FL"
1/7/2015,1,3,"Chattanooga, TN"
1/8/2015,1,3,"Boston, MA"
1/9/2015,4,0,"San Francisco, CA"
1/10/2015,3,1,"Moscow, ID"
1/11/2015,0,5,"San Jose, CA"
1/11/2015,2,5,"Hope Mills, NC"
1/11/2015,1,3,"Lakeland, FL"
1/11/2015,0,5,"Tuskegee, AL"
1/12/2015,2,2,"Wichita, KS"
1/13/2015,0,5,"Portsmouth, VA"
1/14/2015,2,3,"Rockford, IL"
1/19/2015,2,5,"San Antonio, TX"
1/20/2015,1,3,"Clarksville, TN"
1/23/2015,0,6,"Boston, MA"
1/24/2015,3,5,"Omaha, NE"
1/24/2015,4,1,"Queens, NY"
1/26/2015,1,4,"Stockton, CA"
1/28/2015,1,3,"DeKalb, GA"
1/29/2015,5,0,"Troup County, GA"
2/1/2015,0,6,"Syracuse, NY"
2/1/2015,1,4,"Manhattan, NY"
2/4/2015,4,0,"King, NC"
2/5/2015,3,3,"Warrensville Heights, OH"
2/6/2015,1,3,"Tulsa, OK"
2/7/2015,5,2,"Douglasville, GA"
2/8/2015,0,6,"Crockett County, TN"
2/9/2015,3,1,"New Port Richey, FL"
2/15/2015,0,5,"Long Beach, CA"
2/17/2015,1,3,"Little Rock, AR"
2/22/2015,3,2,"Habersham County, GA"
2/22/2015,0,4,"Charleston, SC"
2/22/2015,4,1,"Killeen, TX"
2/25/2015,3,2,"Houston, TX"
2/27/2015,8,1,"Tyrone, MO"
2/28/2015,1,3,"Baltimore, MD"
2/28/2015,4,0,"Tarboro, NC"
2/28/2015,3,1,"Columbia, MO"
3/1/2015,0,4,"Tangelo Park, FL"
3/1/2015,1,5,"Detroit, MI"
3/2/2015,1,4,"Santa Ana, CA"
3/3/2015,3,1,"Las Vegas, NV"
3/4/2015,2,5,"San Bernadino, CA"
3/9/2015,1,3,"Chicago, IL"
3/10/2015,0,5,"Columbus, GA"
3/11/2015,0,4,"Aurora, IL"
3/13/2015,2,3,"Brookhaven, MS"
3/14/2015,0,5,"Atlanta, GA"
3/15/2015,0,4,"Lillington, NC"
3/15/2015,3,1,"Houston County, AL"
3/16/2015,0,4,"Compton, CA"
3/17/2015,3,4,"Stockton, CA"
3/18/2015,1,5,"Mesa, AZ"
3/18/2015,1,3,"Newark, NJ"
3/19/2015,2,2,"Navajo Nation, AZ"
3/20/2015,0,4,"Columbus, MS"
3/20/2015,0,4,"Oklahoma City, OK"
3/20/2015,0,4,"Joliet, IL"
3/20/2015,1,5,"Lancaster, TX"
3/21/2015,0,4,"Ybor City, FL"
3/21/2015,0,5,"Lehigh Acres, FL"
3/22/2015,1,6,"Albuquerque, NM"
3/23/2015,1,4,"Clarksville, TN"
3/24/2015,4,0,"Indianapolis, IN"
3/26/2015,0,4,"Amarillo, TX"
3/28/2015,0,7,"Panama City Beach, FL"
3/29/2015,0,4,"Stockton, CA"
3/30/2015,4,0,"Tulsa, OK"
4/2/2015,0,5,"Baltimore, MD"
4/3/2015,0,4,"Daytona Beach, FL"
4/5/2015,1,4,"Louisville, KY"
4/5/2015,0,5,"Indianapolis, IN"
4/7/2015,1,3,"North Rome, GA"
4/16/2015,5,0,"Phoenix, AZ"
4/16/2015,1,4,"Los Angeles, CA"
4/18/2015,1,3,"Paterson, NJ"
4/18/2015,0,4,"Charlotte, NC"
4/18/2015,1,3,"Lumberton, NC"
4/18/2015,0,5,"Williamsport, PA"
4/18/2015,0,5,"Montgomery, AL"
4/19/2015,0,4,"Richmond, VA"
4/21/2015,2,3,"Killeen, TX"
4/25/2015,0,4,"Trenton, NJ"
4/25/2015,1,6,"Gates, NY"
4/27/2015,2,4,"Brooklyn, NY"
4/27/2015,2,2,"Gila Bend, AZ"
5/1/2015,2,3,"Milwaukee, WI"
5/3/2015,4,1,"Menasha, WI"
5/3/2015,0,4,"South Bend, IN"
5/3/2015,0,6,"Houston, TX"
5/3/2015,1,6,"Dayton, OH"
5/4/2015,0,4,"Bronx, NY"
5/4/2015,1,3,"Buffalo, NY"
5/7/2015,0,4,"Cincinnati, OH"
5/10/2015,0,4,"Jersey City, NJ"
5/10/2015,1,4,"Cleveland, OH"
5/10/2015,1,3,"Newark, NJ"
5/12/2015,1,4,"Capitol Heights, MD"
5/12/2015,5,0,"Tucson, AZ"
5/13/2015,4,0,"Anchorage, AK"
5/16/2015,0,5,"Milwaukee, WI"
5/16/2015,0,5,"Baltimore, MD"
5/16/2015,0,4,"Rochester, NY"
5/17/2015,9,18,"Waco, TX"
5/18/2015,1,4,"Miami, FL"
5/18/2015,0,4,"Kinloch, MO"
5/19/2015,1,3,"Arlington, VA"
5/20/2015,1,4,"Baltimore, MD"
5/23/2015,2,2,"Fresno, CA"
5/24/2015,0,4,"St. Louis, MO"
5/24/2015,1,3,"Montgomery, AL"
5/24/2015,0,7,"Flint, MI"
5/24/2015,0,5,"Brockton, MA"
5/25/2015,1,4,"Decatur, IL"
5/26/2015,2,2,"New Orleans, LA"
5/28/2015,0,4,"Omaha, NE"
5/28/2015,1,3,"Chester, PA"
5/28/2015,0,5,"Chicago, Il"
5/29/2015,1,3,"Miami, FL"
5/30/2015,0,4,"San Diego, CA"
5/30/2015,1,3,"North Amityville, NY"
5/31/2015,3,1,"Cleveland, OH"
5/31/2015,1,3,"Conyers, GA"
5/31/2015,1,3,"Springdale, MD"
5/31/2015,0,5,"New Haven, CT"
6/2/2015,0,4,"Anniston, AL"
6/3/2015,3,1,"Wyandanch, NY"
6/5/2015,0,5,"Davenport, IA"
6/5/2015,1,3,"New Orleans, LA"
6/6/2015,0,5,"Chicago, IL"
6/6/2015,1,4,"Buffalo, NY"
6/7/2015,5,0,"Deer Lodge, MT"
6/9/2015,1,3,"St. Louis, MO"
6/10/2015,1,3,"Cincinnati, OH"
6/10/2015,1,3,"Los Angeles, CA"
6/11/2015,1,8,"Bridgeport, CT"
6/11/2015,1,3,"Houston, TX"
6/12/2015,0,4,"Miami, FL"
6/13/2015,0,4,"Oklahoma City, OK"
6/13/2015,0,5,"Bronx, NY"
6/13/2015,0,4,"Tulsa, OK"
6/13/2015,4,1,"Columbus, OH"
6/13/2015,0,4,"St. Louis, MO"
6/13/2015,1,4,"Fayette County, GA"
6/14/2015,1,3,"Camden, NJ"
6/14/2015,1,3,"Milledgeville, GA"
6/15/2015,0,4,"Brooklyn, NY"
6/16/2015,0,4,"Miami Gardens, FL"
6/17/2015,9,0,"Charleston, SC"
6/19/2015,0,4,"Woonsocket, RI"
6/20/2015,0,10,"Philadelphia, PA"
6/20/2015,1,11,"Detroit, MI"
6/21/2015,0,5,"Lexington, KY"
6/21/2015,4,0,"Roy, UT"
6/22/2015,0,7,"Philadelphia, PA"
6/23/2015,1,3,"Chicago, IL"
6/23/2015,3,1,"Breaux Bridge, LA"
6/24/2015,0,4,"Manhattan, NY"
6/25/2015,0,4,"New Orleans, LA"
6/26/2015,0,4,"Detroit, MI"
6/27/2015,4,0,"Greenacres, FL"
6/27/2015,1,3,"Hartford, CT"
6/27/2015,1,3,"Taunton, MA"
6/28/2015,0,6,"Harrington, DE"
6/28/2015,0,5,"Detroit, MI"
6/28/2015,0,6,"Venice, IL"
6/29/2015,0,4,"Opa-locka, FL"
7/1/2015,1,4,"Newark, NJ"
7/1/2015,1,3,"Indianapolis, IN"
7/3/2015,2,2,"Philadelphia, PA"
7/4/2015,1,3,"Washington, D.C."
7/4/2015,1,4,"Pittsfield, MA"
7/4/2015,0,4,"San Antonio, TX"
7/4/2015,0,4,"Syracuse, NY"
7/5/2015,0,9,"Fort Wayne, IN"
7/5/2015,0,8,"Shreveport, LA"
7/5/2015,4,0,"Rock Hill, SC"
7/5/2015,1,3,"East Orange, NJ"
7/7/2015,3,1,"Baltimore, MD"
7/12/2015,0,4,"Jersey City, NJ"
7/12/2015,2,3,"River Forest, IL"
7/12/2015,3,1,"Baton Rouge, LA"
7/13/2015,1,4,"Stockton, CA"
7/14/2015,0,4,"St. Louis, MO"
7/15/2015,1,3,"Baltimore, MD"
7/15/2015,4,1,"Holly Hill, SC"
7/15/2015,0,7,"Cleaveland, OH"
7/15/2015,0,4,"Detroit, MI"
7/15/2015,0,5,"Atlanta, GA"
7/16/2015,5,3,"Chattanooga, TN"
7/16/2015,0,4,"Dallas, TX"
7/17/2015,1,5,"Columbus, OH"
7/17/2015,0,4,"Cincinnati, OH"
7/17/2015,2,4,"Aroostook County, ME"
7/17/2015,1,3,"Washington, DC"
7/17/2015,0,5,"Chicago, IL"
7/18/2015,2,2,"Baton Rouge, LA"
7/18/2015,1,3,"Salem, OR"
7/19/2015,0,6,"Louisville, KY"
7/19/2015,0,4,"Suffolk, VA"
7/20/2015,0,5,"Bronx, NY"
7/21/2015,1,3,"Miami Gardens, FL"
7/22/2015,4,1,"Forsyth County, GA"
7/23/2015,3,9,"Lafayette, LA"
7/25/2015,2,4,"Erie, PA"
7/25/2015,0,4,"Hopewell, VA"
7/26/2015,0,5,"Indianapolis, IN"
7/26/2015,2,3,"Kansas City, MO"
7/26/2015,0,4,"New Orleans, LA"
7/27/2015,0,5,"Rockford, IL"
7/28/2015,2,2,"West Frankfort, IL"
7/30/2015,0,4,"Pittsburgh, PA"
8/1/2015,0,4,"Orlando, FL"
8/2/2015,1,4,"Chicago, IL"
8/2/2015,0,9,"Brooklyn, NY"
8/2/2015,0,5,"Savannah, GA"
8/2/2015,0,7,"Baltimore, MD"
8/3/2015,0,5,"Brooklyn, NY"
8/4/2015,1,4,"St. Louis, MO"
8/6/2015,0,4,"Columbia, SC"
8/7/2015,4,0,"Barre, VT"
8/8/2015,2,3,"Gastonia, NC"
8/8/2015,1,11,"Blytheville, AR"
8/8/2015,8,0,"Houston, TX"
8/9/2015,1,3,"Forest, MS"
8/9/2015,1,3,"Detroit, MI"
8/10/2015,0,4,"Long Beach, CA"
8/15/2015,1,3,"Pittsburgh, PA"
8/15/2015,1,3,"Orangeburg, SC"
8/15/2015,0,4,"Los Angeles, CA"
8/16/2015,1,3,"Miami, FL"
8/16/2015,0,6,"Fort Worth, TX"
8/16/2015,0,5,"Bennettsville, SC"
8/16/2015,0,4,"Chicago, IL"
8/19/2015,3,4,"Rochester, NY"
8/20/2015,2,2,"Starr County, TX"
8/21/2015,0,8,"Durham, NC"
8/21/2015,3,1,"Roswell, NM"
8/21/2015,2,5,"Cincinnati, OH"
8/21/2015,0,4,"Pine Hills, FL"
8/22/2015,1,7,"Modesto, CA"
8/25/2015,1,3,"New Orleans, LA"
8/26/2015,0,4,"Brooklyn Center, MN"
8/26/2015,3,1,"Moneta, VA"
8/26/2015,2,2,"West Palm Beach, FL"
8/26/2015,1,3,"Chicago, IL"
8/27/2015,2,2,"Salinas, CA"
8/28/2015,1,3,"Brooklyn, NY"
8/29/2015,1,3,"Smith County, TX"
8/29/2015,3,2,"Bristol, TN"
8/29/2015,0,4,"Macon, GA"
8/30/2015,1,4,"Memphis, TN"
8/30/2015,0,4,"Muskegon Heights, MI"
9/1/2015,4,0,"Long Branch, NJ"
9/5/2015,1,3,"Charlotte, NC"
9/5/2015,0,4,"Columbus, MO"
9/5/2015,0,4,"Daytona Beach, FL"
9/5/2015,1,3,"Las Vegas, NV"
9/7/2015,0,4,"Denver, CO"
9/7/2015,0,5,"Washington, DC"
9/8/2015,5,0,"Minneapolis, MN"
9/8/2015,0,4,"Chicago, IL"
9/8/2015,4,0,"Manson, WA"
9/11/2015,0,5,"Charlotte, NC"
9/12/2015,1,3,"Minneapolis, MN"
9/12/2015,0,6,"Minneapolis, MN"
9/12/2015,2,4,"Rochester, NY"
9/12/2015,0,4,"Shreveport, LA"
9/13/2015,1,5,"Ocala, FL"
9/13/2015,2,2,"Los Chavez, NM"
9/13/2015,4,0,"Baker, LA"
9/15/2015,0,4,"Newark, NJ"
9/17/2015,0,4,"Albion, MI"
9/17/2015,6,0,"Platte, SD"
9/19/2015,1,3,"Indianapolis, IN"
9/20/2015,1,5,"Chicago, IL"
9/20/2015,0,6,"Tulsa, OK"
9/21/2015,2,2,"Sand City, CA"
9/21/2015,1,3,"Philadelphia, PA"
9/23/2015,0,4,"Fort Meyers, FL"
9/23/2015,1,3,"Norcross, GA"
9/23/2015,0,5,"Shreveport, LA"
9/24/2015,0,5,"Chicago, IL"
9/25/2015,0,4,"Danville, IL"
9/26/2015,2,2,"Banning, CA"
9/27/2015,0,4,"Kansas City, MO"
9/27/2015,0,10,"Greenville, GA"
9/28/2015,2,3,"Chicago, IL"
9/28/2015,0,5,"Cincinnati, OH"
9/28/2015,0,4,"Dayton, OH"
9/29/2015,3,2,"Chicago, IL"
10/1/2015,10,7,"Roseburg, OR"
10/2/2015,1,4,"Baltimore, MD"
10/2/2015,3,1,"Inglis, FL"
10/6/2015,0,5,"Baltimore, MD"
10/9/2015,1,3,"Flagstaff, AZ"
10/10/2015,1,3,"Peoria, IL"
10/10/2015,0,4,"Charlotte, NC"
10/10/2015,0,5,"Memphis, TN"
10/12/2015,0,4,"DeKalb County, GA"
10/17/2015,0,4,"Elkhart, IN"
10/17/2015,1,4,"Fort Meyers, FL"
10/18/2015,0,4,"New Orleans, LA"
10/19/2015,0,7,"Calumet City, IL"
10/23/2015,1,3,"Nashville, TN"
10/24/2015,0,4,"Bamberg, SC"
10/25/2015,0,5,"Washington, DC"
10/25/2015,1,4,"Pheonix, AZ"
10/25/2015,0,5,"Four Oaks, NC"
10/25/2015,2,2,"Pageland, SC"
10/26/2015,0,5,"Evansville, IN"
10/27/2015,0,5,"Fort Worth, TX"
10/28/2015,1,3,"Houma, LA"
10/31/2015,4,0,"Colorado Springs, CO"
11/1/2015,4,0,"Pendleton, SC"
11/3/2015,1,3,"Jacksonville, FL"
11/3/2015,2,2,"Harris County, TX"
11/4/2015,4,0,"Oakland, ME"
11/6/2015,0,4,"Tallahassee, FL"
11/6/2015,1,3,"Denver, CO"
11/6/2015,0,4,"Bakersfield, CA"
11/8/2015,1,3,"Des Moines, IA"
11/8/2015,0,4,"Warren, MI"
11/9/2015,2,2,"Indianapolis, IN"
11/13/2015,4,1,"Jacksonville, FL"
11/14/2015,3,2,"Los Angeles, CA"
11/14/2015,0,5,"Johnstown, PA"
11/15/2015,0,4,"Philadelphia, PA"
11/15/2015,6,0,"Anderson County, TX"
11/16/2015,3,1,"Round Mountain, AL"
11/16/2015,1,5,"Youngstown, OH"
11/17/2015,4,0,"Murray, KY"
11/18/2015,5,0,"Fresno, CA"
11/20/2015,1,3,"Pittsburgh, PA"
11/21/2015,1,3,"Baltimore, MD"
11/22/2015,0,5,"Newburgh, NY"
11/22/2015,0,5,"Seattle, WA"
11/22/2015,0,4,"Chicago, IL"
11/22/2015,0,4,"Brownsville, TX"
11/22/2015,0,17,"New Orleans, LA"
11/23/2015,0,5,"Minneapolis, MN"
11/23/2015,4,1,"Columbus, OH"
11/23/2015,1,3,"Houston, TX"
11/24/2015,0,4,"Conway, SC"
11/26/2015,1,3,"Boston, MA"
11/27/2015,2,2,"Sacramento, CA"
11/27/2015,3,9,"Colorado Springs, CO"
"December 31, 2016",2,2,"Lenox (El Dorado) ,  Georgia"
"December 31, 2016",1,3,"Houston ,  Texas"
"December 30, 2016",0,5,"Mansfield ,  Ohio"
"December 30, 2016",2,2,"Wallingford ,  Connecticut"
"December 28, 2016",1,4,"Columbus ,  Georgia"
"December 25, 2016",0,4,"Ozark ,  Alabama"
"December 25, 2016",3,4,"Chicago ,  Illinois"
"December 25, 2016",1,5,"Mount Vernon ,  New York"
"December 24, 2016",0,7,"Madison ,  North Carolina"
"December 24, 2016",4,0,"Wilson ,  North Carolina"
"December 23, 2016",1,3,"Birmingham ,  Alabama"
"December 23, 2016",0,4,"Chicago ,  Illinois"
"December 17, 2016",0,4,"Charlotte ,  North Carolina"
"December 17, 2016",5,0,"Chicago (Roseland) ,  Illinois"
"December 16, 2016",2,2,"Chicago ,  Illinois"
"December 16, 2016",0,4,"Chicago ,  Illinois"
"December 12, 2016",1,3,"Sacramento ,  California"
"December 11, 2016",0,4,"Brooklyn ,  New York"
"December 11, 2016",1,4,"Orlando (Pine Hills) ,  Florida"
"December 11, 2016",0,5,"Baltimore ,  Maryland"
"December 11, 2016",0,4,"Rocky Mount ,  North Carolina"
"December 9, 2016",4,0,"Channelview ,  Texas"
"December 9, 2016",0,4,"Fresno ,  California"
"December 5, 2016",4,1,"Albuquerque ,  New Mexico"
"December 3, 2016",0,6,"Los Angeles ,  California"
"December 2, 2016",0,6,"Bloomfield ,  New Jersey"
"December 1, 2016",1,3,"Clearlake Oaks ,  California"
"November 30, 2016",2,4,"Baltimore ,  Maryland"
"November 28, 2016",1,3,"Mission (Palmview) ,  Texas"
"November 28, 2016",0,4,"Wilmington ,  California"
"November 28, 2016",0,4,"San Pedro ,  California"
"November 27, 2016",1,9,"New Orleans ,  Louisiana"
"November 27, 2016",0,7,"Kansas City ,  Missouri"
"November 26, 2016",1,5,"Chicago ,  Illinois"
"November 25, 2016",0,4,"New Orleans ,  Louisiana"
"November 24, 2016",2,4,"Louisville ,  Kentucky"
"November 24, 2016",1,3,"Albany ,  New York"
"November 23, 2016",0,4,"Olive Branch ,  Mississippi"
"November 22, 2016",1,4,"Clewiston ,  Florida"
"November 18, 2016",0,4,"Chicago ,  Illinois"
"November 17, 2016",1,7,"Dyersburg ,  Tennessee"
"November 13, 2016",3,2,"Jacksonville ,  Florida"
"November 13, 2016",0,4,"San Antonio ,  Texas"
"November 13, 2016",3,2,"San Diego ,  California"
"November 13, 2016",0,4,"Orlando ,  Florida"
"November 12, 2016",1,5,"Sacramento ,  California"
"November 12, 2016",1,3,"Kansas City ,  Missouri"
"November 12, 2016",0,5,"Bridgeport ,  Connecticut"
"November 11, 2016",0,4,"Houston ,  Texas"
"November 10, 2016",1,3,"Houston ,  Texas"
"November 9, 2016",0,5,"Seattle ,  Washington"
"November 9, 2016",1,3,"Chicago ,  Illinois"
"November 9, 2016",0,4,"Memphis ,  Tennessee"
"November 5, 2016",1,3,"Fort Lauderdale (Lauderhill) ,  Florida"
"November 5, 2016",0,4,"San Antonio ,  Texas"
"November 5, 2016",0,5,"Myrtle Beach ,  South Carolina"
"November 5, 2016",0,8,"Oakland ,  California"
"November 5, 2016",0,5,"Chicago ,  Illinois"
"November 4, 2016",0,4,"Philadelphia ,  Pennsylvania"
"November 3, 2016",2,2,"Chicago ,  Illinois"
"November 3, 2016",2,2,"Orange ,  New Jersey"
"November 2, 2016",1,4,"Little Rock ,  Arkansas"
"November 1, 2016",1,5,"Memphis ,  Tennessee"
"October 31, 2016",0,4,"Shreveport ,  Louisiana"
"October 30, 2016",0,4,"Toledo ,  Ohio"
"October 30, 2016",0,4,"New York (Manhattan) ,  New York"
"October 30, 2016",2,5,"Newburgh ,  New York"
"October 30, 2016",3,3,"Capitol Heights ,  Maryland"
"October 30, 2016",0,5,"San Antonio ,  Texas"
"October 29, 2016",1,3,"Dayton ,  Ohio"
"October 29, 2016",0,5,"Los Angeles ,  California"
"October 29, 2016",0,4,"Riverside ,  California"
"October 28, 2016",0,6,"Jackson ,  Mississippi"
"October 28, 2016",0,4,"Miami Gardens ,  Florida"
"October 27, 2016",4,0,"Jackson ,  Georgia"
"October 25, 2016",1,3,"Dayton ,  Ohio"
"October 25, 2016",2,3,"Roanoke ,  Virginia"
"October 23, 2016",1,5,"Wellston ,  Oklahoma"
"October 22, 2016",0,7,"Oakland ,  California"
"October 18, 2016",0,4,"San Francisco ,  California"
"October 17, 2016",1,4,"Chicago (Englewood) ,  Illinois"
"October 15, 2016",0,5,"Mobile ,  Alabama"
"October 15, 2016",1,5,"Rockford ,  Illinois"
"October 15, 2016",4,11,"Los Angeles ,  California"
"October 14, 2016",1,6,"Chicago ,  Illinois"
"October 13, 2016",0,4,"Chicago ,  Illinois"
"October 9, 2016",1,8,"Grand Rapids ,  Michigan"
"October 9, 2016",1,3,"Sacramento ,  California"
"October 8, 2016",0,4,"Brooklyn ,  New York"
"October 4, 2016",3,2,"New Orleans ,  Louisiana"
"October 3, 2016",0,4,"Minneapolis ,  Minnesota"
"October 2, 2016",1,4,"San Antonio ,  Texas"
"October 1, 2016",4,0,"Pembroke Township ,  Illinois"
"October 1, 2016",0,4,"Fresno ,  California"
"September 29, 2016",1,3,"San Francisco ,  California"
"September 26, 2016",0,4,"Winston Salem (Winston-salem) ,  North Carolina"
"September 26, 2016",0,4,"Humble ,  Texas"
"September 26, 2016",1,6,"Houston ,  Texas"
"September 25, 2016",1,3,"Champaign ,  Illinois"
"September 24, 2016",0,8,"Baltimore ,  Maryland"
"September 23, 2016",5,0,"Burlington ,  Washington"
"September 18, 2016",0,4,"Philadelphia ,  Pennsylvania"
"September 18, 2016",1,3,"Lynchburg ,  Virginia"
"September 18, 2016",0,4,"Pittsburgh ,  Pennsylvania"
"September 17, 2016",0,6,"Miami ,  Florida"
"September 17, 2016",1,6,"Orlando ,  Florida"
"September 17, 2016",2,2,"Indianapolis ,  Indiana"
"September 17, 2016",2,7,"Washington ,  District of Columbia"
"September 16, 2016",2,5,"Philadelphia ,  Pennsylvania"
"September 16, 2016",2,2,"Los Angeles (Hollywood) ,  California"
"September 14, 2016",1,3,"Humble ,  Texas"
"September 13, 2016",3,2,"Fort Wayne ,  Indiana"
"September 11, 2016",3,1,"Fort Wayne ,  Indiana"
"September 11, 2016",1,5,"New Orleans ,  Louisiana"
"September 11, 2016",1,3,"Jersey City ,  New Jersey"
"September 11, 2016",0,6,"Kansas City ,  Missouri"
"September 11, 2016",0,5,"Saginaw ,  Michigan"
"September 11, 2016",0,5,"New Bern ,  North Carolina"
"September 10, 2016",1,3,"Miami ,  Florida"
"September 8, 2016",4,0,"Del Valle ,  Texas"
"September 8, 2016",1,4,"Hot Springs National Park (Hot Springs) ,  Arkansas"
"September 5, 2016",2,3,"Chicago ,  Illinois"
"September 5, 2016",0,4,"Reading ,  Pennsylvania"
"September 4, 2016",1,10,"Roanoke ,  Virginia"
"September 3, 2016",0,4,"Chicago ,  Illinois"
"September 3, 2016",1,3,"Wilmington ,  North Carolina"
"August 30, 2016",0,4,"Atlanta ,  Georgia"
"August 30, 2016",0,4,"Chicago (Englewood) ,  Illinois"
"August 29, 2016",1,5,"Egg Harbor City ,  New Jersey"
"August 29, 2016",5,0,"Temecula ,  California"
"August 28, 2016",0,6,"Lubbock ,  Texas"
"August 28, 2016",0,4,"Bronx ,  New York"
"August 28, 2016",2,2,"Saint Louis ,  Missouri"
"August 28, 2016",0,5,"Dadeville ,  Alabama"
"August 27, 2016",1,6,"Bessemer (Brighton) ,  Alabama"
"August 27, 2016",2,4,"Miami ,  Florida"
"August 25, 2016",0,5,"Bridgeton ,  New Jersey"
"August 21, 2016",0,13,"Bridgeport ,  Connecticut"
"August 21, 2016",0,4,"Boston ,  Massachusetts"
"August 20, 2016",0,5,"Tacoma ,  Washington"
"August 20, 2016",0,4,"Hamden ,  Connecticut"
"August 20, 2016",5,0,"Citronelle ,  Alabama"
"August 18, 2016",0,4,"Waterbury ,  Connecticut"
"August 17, 2016",0,4,"Oakland ,  California"
"August 14, 2016",0,4,"Norfolk ,  Virginia"
"August 14, 2016",0,5,"Minneapolis ,  Minnesota"
"August 13, 2016",0,4,"Los Angeles ,  California"
"August 13, 2016",2,2,"Milwaukee ,  Wisconsin"
"August 13, 2016",0,4,"Richmond Hill ,  New York"
"August 13, 2016",0,4,"Joplin ,  Missouri"
"August 12, 2016",1,3,"Jacksonville ,  Florida"
"August 12, 2016",1,3,"Dallas ,  Texas"
"August 11, 2016",0,4,"Philadelphia ,  Pennsylvania"
"August 10, 2016",0,4,"Evanston ,  Illinois"
"August 10, 2016",1,3,"Sacramento ,  California"
"August 8, 2016",2,2,"Albuquerque ,  New Mexico"
"August 8, 2016",0,7,"Jacksonville ,  Florida"
"August 7, 2016",1,3,"Los Angeles ,  California"
"August 7, 2016",1,3,"Vicksburg ,  Mississippi"
"August 7, 2016",2,2,"Arvada ,  Colorado"
"August 7, 2016",0,4,"Chicago ,  Illinois"
"August 6, 2016",5,0,"Reading (Sinking Spring) ,  Pennsylvania"
"August 5, 2016",1,3,"Pontiac ,  Michigan"
"August 5, 2016",2,2,"Perris ,  California"
"August 4, 2016",0,4,"Memphis ,  Tennessee"
"August 3, 2016",1,3,"Decatur ,  Georgia"
"August 2, 2016",0,4,"Hollywood (West Park) ,  Florida"
"August 1, 2016",0,4,"Evansville ,  Indiana"
"July 31, 2016",3,1,"Miami ,  Florida"
"July 31, 2016",1,4,"Austin ,  Texas"
"July 30, 2016",0,5,"Saint Louis ,  Missouri"
"July 30, 2016",0,5,"Townsend (Eulonia) ,  Georgia"
"July 30, 2016",3,1,"Mukilteo ,  Washington"
"July 29, 2016",0,7,"Athens ,  Georgia"
"July 28, 2016",0,5,"Elmira ,  New York"
"July 28, 2016",0,4,"Baltimore ,  Maryland"
"July 28, 2016",2,2,"Chicago ,  Illinois"
"July 25, 2016",2,19,"Fort Myers ,  Florida"
"July 24, 2016",1,7,"Hamilton ,  Ohio"
"July 23, 2016",0,4,"North Charleston ,  South Carolina"
"July 23, 2016",0,4,"Brooklyn ,  New York"
"July 23, 2016",2,2,"Cincinnati ,  Ohio"
"July 23, 2016",4,1,"Bastrop ,  Texas"
"July 22, 2016",0,5,"Kankakee ,  Illinois"
"July 21, 2016",0,5,"Chicago ,  Illinois"
"July 20, 2016",0,4,"Fresno ,  California"
"July 19, 2016",0,4,"West Memphis ,  Arkansas"
"July 17, 2016",4,3,"Baton Rouge ,  Louisiana"
"July 17, 2016",1,3,"Houston ,  Texas"
"July 17, 2016",0,4,"Detroit ,  Michigan"
"July 16, 2016",0,5,"Dallas ,  Texas"
"July 16, 2016",0,5,"Cleveland ,  Ohio"
"July 16, 2016",0,4,"San Bernardino ,  California"
"July 16, 2016",1,14,"Bakersfield ,  California"
"July 16, 2016",0,6,"Clarksville ,  Tennessee"
"July 15, 2016",3,1,"Woodland ,  Washington"
"July 14, 2016",3,1,"Crosby ,  Texas"
"July 14, 2016",0,4,"Oakland ,  California"
"July 14, 2016",1,3,"Akron ,  Ohio"
"July 13, 2016",0,5,"Warner Robins ,  Georgia"
"July 13, 2016",2,2,"Saint Louis ,  Missouri"
"July 11, 2016",0,5,"Baltimore ,  Maryland"
"July 11, 2016",0,4,"Jackson ,  Michigan"
"July 11, 2016",3,2,"Saint Joseph ,  Michigan"
"July 11, 2016",0,4,"Washington ,  District of Columbia"
"July 7, 2016",1,4,"Bristol ,  Tennessee"
"July 7, 2016",5,9,"Dallas ,  Texas"
"July 7, 2016",0,4,"Baton Rouge ,  Louisiana"
"July 5, 2016",0,4,"Los Angeles ,  California"
"July 4, 2016",0,4,"Pittsburgh ,  Pennsylvania"
"July 4, 2016",0,4,"Chicago (Englewood) ,  Illinois"
"July 4, 2016",0,7,"Brooklyn ,  New York"
"July 4, 2016",0,4,"Cleveland ,  Ohio"
"July 4, 2016",3,2,"Houston ,  Texas"
"July 4, 2016",2,6,"Phoenix ,  Arizona"
"July 3, 2016",2,3,"Monroe ,  Louisiana"
"July 3, 2016",0,4,"Chattanooga ,  Tennessee"
"June 30, 2016",1,4,"Chicago ,  Illinois"
"June 29, 2016",5,0,"Las Vegas ,  Nevada"
"June 28, 2016",1,3,"Los Angeles ,  California"
"June 28, 2016",0,4,"Chicago ,  Illinois"
"June 27, 2016",3,1,"Woodburn ,  Oregon"
"June 26, 2016",0,4,"Bennettsville ,  South Carolina"
"June 26, 2016",1,4,"Atlanta ,  Georgia"
"June 26, 2016",1,3,"Houston ,  Texas"
"June 26, 2016",0,4,"Corpus Christi ,  Texas"
"June 26, 2016",0,5,"Charlotte ,  North Carolina"
"June 25, 2016",2,5,"Fort Worth ,  Texas"
"June 25, 2016",0,4,"Norfolk ,  Virginia"
"June 25, 2016",0,4,"Chicago ,  Illinois"
"June 24, 2016",0,4,"Kansas City ,  Kansas"
"June 24, 2016",0,5,"Hartford ,  Connecticut"
"June 24, 2016",3,2,"District Heights ,  Maryland"
"June 22, 2016",3,1,"Olympia ,  Washington"
"June 22, 2016",1,4,"Dekalb (county) ,  Georgia"
"June 22, 2016",0,4,"Chicago ,  Illinois"
"June 21, 2016",0,4,"Willingboro ,  New Jersey"
"June 21, 2016",2,2,"Louisville ,  Kentucky"
"June 19, 2016",0,4,"Roanoke ,  Virginia"
"June 18, 2016",1,3,"Exmore ,  Virginia"
"June 18, 2016",2,2,"Waycross ,  Georgia"
"June 18, 2016",0,4,"Chicago ,  Illinois"
"June 14, 2016",0,4,"Wilmington ,  Delaware"
"June 14, 2016",1,3,"Oakland ,  California"
"June 13, 2016",0,4,"Fresno ,  California"
"June 13, 2016",0,5,"Brooklyn ,  New York"
"June 13, 2016",0,5,"Chicago ,  Illinois"
"June 12, 2016",50,53,"Orlando ,  Florida"
"June 11, 2016",5,0,"Roswell ,  New Mexico"
"June 11, 2016",0,4,"Webster ,  Minnesota"
"June 11, 2016",1,3,"Stockton ,  California"
"June 11, 2016",3,2,"Panorama City ,  California"
"June 11, 2016",1,3,"Charlotte ,  North Carolina"
"June 9, 2016",0,4,"Fort Walton Beach ,  Florida"
"June 8, 2016",0,4,"Washington ,  District of Columbia"
"June 8, 2016",1,3,"Boston ,  Massachusetts"
"June 6, 2016",0,4,"Visalia ,  California"
"June 5, 2016",0,4,"Minneapolis ,  Minnesota"
"June 5, 2016",3,3,"Cape Coral ,  Florida"
"June 5, 2016",2,4,"Phoenix ,  Arizona"
"June 5, 2016",0,4,"Brooklyn ,  New York"
"June 4, 2016",3,1,"Denver ,  Colorado"
"May 31, 2016",0,4,"Chicago ,  Illinois"
"May 31, 2016",0,4,"Fort Wayne ,  Indiana"
"May 30, 2016",0,5,"Baltimore ,  Maryland"
"May 30, 2016",0,5,"Sacramento ,  California"
"May 29, 2016",0,4,"Las Vegas ,  Nevada"
"May 29, 2016",0,6,"Trenton ,  New Jersey"
"May 29, 2016",0,4,"Indianapolis ,  Indiana"
"May 29, 2016",2,6,"Houston ,  Texas"
"May 23, 2016",0,5,"Newark ,  New Jersey"
"May 22, 2016",0,4,"New Orleans ,  Louisiana"
"May 22, 2016",1,3,"Stockton ,  California"
"May 22, 2016",0,4,"Nashville ,  Tennessee"
"May 21, 2016",1,3,"Jackson ,  Georgia"
"May 18, 2016",0,4,"Indianapolis ,  Indiana"
"May 17, 2016",3,1,"Ravenel ,  South Carolina"
"May 15, 2016",0,4,"Evansville ,  Indiana"
"May 15, 2016",5,0,"Moultrie ,  Georgia"
"May 14, 2016",0,5,"Atlanta ,  Georgia"
"May 14, 2016",1,3,"Charleston ,  West Virginia"
"May 11, 2016",1,4,"Birmingham ,  Alabama"
"May 11, 2016",0,5,"Chicago ,  Illinois"
"May 8, 2016",1,3,"Austin ,  Texas"
"May 6, 2016",1,4,"Detroit ,  Michigan"
"May 6, 2016",1,3,"Montgomery ,  Alabama"
"May 6, 2016",3,3,"Bethesda ,  Maryland"
"May 5, 2016",2,6,"Shreveport ,  Louisiana"
"May 5, 2016",1,3,"Miami ,  Florida"
"May 4, 2016",1,7,"Minneapolis ,  Minnesota"
"May 1, 2016",0,5,"Murfreesboro ,  Tennessee"
"April 29, 2016",0,4,"Saint Louis (Ferguson) ,  Missouri"
"April 29, 2016",0,5,"Oakland ,  California"
"April 27, 2016",2,2,"Baton Rouge ,  Louisiana"
"April 27, 2016",3,1,"Kilmichael ,  Mississippi"
"April 26, 2016",1,4,"District Heights (Forestville) ,  Maryland"
"April 25, 2016",0,4,"Nashville ,  Tennessee"
"April 25, 2016",0,5,"Miami ,  Florida"
"April 24, 2016",0,5,"Halifax ,  Virginia"
"April 24, 2016",2,3,"Chicago (Englewood) ,  Illinois"
"April 24, 2016",0,4,"Denver ,  Colorado"
"April 23, 2016",1,3,"Las Vegas ,  Nevada"
"April 23, 2016",3,1,"Auburn ,  Alabama"
"April 23, 2016",1,4,"Topeka ,  Kansas"
"April 23, 2016",0,4,"New York (Manhattan) ,  New York"
"April 22, 2016",8,0,"Piketon ,  Ohio"
"April 22, 2016",6,0,"Appling ,  Georgia"
"April 21, 2016",0,4,"Baltimore ,  Maryland"
"April 19, 2016",1,4,"Blountsville ,  Alabama"
"April 19, 2016",1,3,"Chicago ,  Illinois"
"April 19, 2016",1,4,"Chicago ,  Illinois"
"April 18, 2016",1,3,"Long Beach ,  California"
"April 17, 2016",3,1,"Philadelphia ,  Pennsylvania"
"April 17, 2016",1,3,"Pelzer ,  South Carolina"
"April 17, 2016",1,6,"Edinburg ,  Texas"
"April 16, 2016",1,4,"Detroit ,  Michigan"
"April 16, 2016",2,4,"Orlando ,  Florida"
"April 16, 2016",0,4,"Enterprise ,  Alabama"
"April 10, 2016",1,3,"Milwaukee ,  Wisconsin"
"April 10, 2016",0,4,"Los Angeles ,  California"
"April 9, 2016",0,4,"Memphis ,  Tennessee"
"April 9, 2016",0,4,"Anniston ,  Alabama"
"April 9, 2016",0,4,"Albuquerque ,  New Mexico"
"April 7, 2016",0,4,"Chicago ,  Illinois"
"March 31, 2016",0,4,"Chicago (Englewood) ,  Illinois"
"March 25, 2016",0,4,"Chicago ,  Illinois"
"March 25, 2016",0,4,"Denver ,  Colorado"
"March 21, 2016",0,4,"Chicago ,  Illinois"
"March 19, 2016",1,4,"Plantation ,  Florida"
"March 19, 2016",2,2,"Wetumpka ,  Alabama"
"March 15, 2016",0,5,"Atlanta ,  Georgia"
"March 13, 2016",0,4,"Fort Myers ,  Florida"
"March 12, 2016",0,4,"Portland ,  Oregon"
"March 12, 2016",0,4,"Oakland ,  California"
"March 11, 2016",2,2,"Detroit ,  Michigan"
"March 11, 2016",0,5,"Trenton ,  New Jersey"
"March 9, 2016",5,3,"Pittsburgh ,  Pennsylvania"
"March 8, 2016",2,3,"San Antonio ,  Texas"
"March 7, 2016",0,4,"Lafayette ,  Louisiana"
"March 7, 2016",5,0,"Kansas City ,  Kansas"
"March 6, 2016",1,6,"Chelsea ,  Massachusetts"
"March 6, 2016",0,4,"Roswell ,  Georgia"
"March 6, 2016",1,8,"Compton ,  California"
"March 5, 2016",0,4,"Wichita ,  Kansas"
"March 4, 2016",1,3,"Columbus ,  Ohio"
"February 28, 2016",0,5,"Detroit ,  Michigan"
"February 28, 2016",1,3,"Riverside (Jurupa Valley) ,  California"
"February 27, 2016",2,2,"Woodbridge (Lake Ridge) ,  Virginia"
"February 26, 2016",5,0,"Belfair ,  Washington"
"February 25, 2016",4,14,"Hesston ,  Kansas"
"February 23, 2016",5,0,"Glendale ,  Arizona"
"February 23, 2016",0,4,"Daytona Beach ,  Florida"
"February 21, 2016",1,3,"Hazelwood ,  Missouri"
"February 21, 2016",0,5,"Houston ,  Texas"
"February 20, 2016",1,3,"Tampa ,  Florida"
"February 20, 2016",6,2,"Kalamazoo ,  Michigan"
"February 20, 2016",2,3,"Iuka ,  Mississippi"
"February 20, 2016",1,3,"Bessemer ,  Alabama"
"February 20, 2016",0,4,"Orlando ,  Florida"
"February 19, 2016",4,0,"Edgerton ,  Missouri"
"February 19, 2016",1,3,"Vallejo ,  California"
"February 14, 2016",1,3,"Houston ,  Texas"
"February 14, 2016",0,5,"Eutaw (Union) ,  Alabama"
"February 13, 2016",0,4,"Marrero ,  Louisiana"
"February 7, 2016",2,4,"Pass Christian ,  Mississippi"
"February 7, 2016",2,10,"Orlando ,  Florida"
"February 7, 2016",1,7,"Rochester ,  New York"
"February 7, 2016",0,4,"Chicago (Englewood) ,  Illinois"
"February 6, 2016",1,3,"Los Angeles ,  California"
"February 6, 2016",0,4,"Apopka ,  Florida"
"February 6, 2016",2,6,"Tampa ,  Florida"
"February 3, 2016",0,4,"Washington ,  District of Columbia"
"January 30, 2016",3,5,"Glendale ,  Arizona"
"January 27, 2016",6,0,"Chesapeake ,  Virginia"
"January 26, 2016",2,3,"Seattle ,  Washington"
"January 25, 2016",1,4,"Perris ,  California"
"January 23, 2016",2,2,"Los Angeles ,  California"
"January 17, 2016",1,3,"Ware Neck (Gloucester Courthouse) ,  Virginia"
"January 11, 2016",1,4,"Wilmington ,  Delaware"
"January 8, 2016",0,4,"Washington ,  District of Columbia"
"January 8, 2016",1,4,"Chicago ,  Illinois"
"January 7, 2016",1,3,"Memphis ,  Tennessee"
"January 6, 2016",3,1,"Lakeland ,  Florida"
"February 14, 2018",17,15,"Pompano Beach (Parkland) ,  Florida"
"February 13, 2018",2,3,"New Orleans ,  Louisiana"
"February 11, 2018",4,3,"Detroit ,  Michigan"
"February 10, 2018",5,0,"Paintsville ,  Kentucky"
"February 7, 2018",3,3,"Lake Worth (Lantana) ,  Florida"
"February 5, 2018",2,4,"Colorado Springs ,  Colorado"
"February 3, 2018",1,5,"Cleveland (Garfield Heights) ,  Ohio"
"January 31, 2018",0,4,"Saint Louis ,  Missouri"
"January 28, 2018",5,0,"Melcroft ,  Pennsylvania"
"January 28, 2018",4,0,"Reading ,  Pennsylvania"
"January 28, 2018",2,3,"Indianapolis ,  Indiana"
"January 27, 2018",0,5,"Los Angeles ,  California"
"January 27, 2018",0,4,"Bowling Green ,  Kentucky"
"January 25, 2018",0,4,"Washington ,  District of Columbia"
"January 23, 2018",0,4,"Philadelphia ,  Pennsylvania"
"January 23, 2018",2,14,"Benton ,  Kentucky"
"January 21, 2018",0,4,"Orlando ,  Florida"
"January 21, 2018",0,4,"Chicago ,  Illinois"
"January 17, 2018",1,3,"Washington ,  District of Columbia"
"January 16, 2018",1,4,"York ,  South Carolina"
"January 15, 2018",0,5,"Alachua ,  Florida"
"January 14, 2018",1,4,"Eutaw ,  Alabama"
"January 14, 2018",0,4,"Madison ,  Alabama"
"January 12, 2018",3,2,"Nashville ,  Tennessee"
"January 11, 2018",2,2,"Saint Robert (St Robert) ,  Missouri"
"January 7, 2018",1,5,"Union Springs ,  Alabama"
"January 7, 2018",0,4,"Plantation ,  Florida"
"January 5, 2018",0,6,"Hattiesburg ,  Mississippi"
"January 4, 2018",1,3,"Brinkley ,  Arkansas"
"January 1, 2018",1,3,"Huntsville ,  Alabama"
