"Incident Date",State,"City Or County",Address,"# Killed","# Injured",Operations
"November 11, 2019",Florida,"Belle Glade","SW 7th St",0,4,N/A
"November 10, 2019",Missouri,"Kansas City","4704 Independence Ave",0,4,N/A
"November 10, 2019",Tennessee,Memphis,"2080 E. Brooks Rd",1,4,N/A
"November 10, 2019",Arkansas,"Little Rock","3000 block of W 12th St",0,4,N/A
"November 9, 2019",Georgia,Vidalia,"Wiggins St",0,4,N/A
"November 9, 2019",Michigan,Detroit,"3800 block of E McNichols Rd",0,4,N/A
"November 7, 2019",Georgia,Conyers,"1800 block of Green St",2,3,N/A
"November 4, 2019",Texas,Houston,"5000 block of Northridge Dr",1,4,N/A
"November 3, 2019",Ohio,Toledo,"600 block of Magnolia St",0,4,N/A
"November 3, 2019",Texas,Nacogdoches,"Sandyland Cir and CR 823",1,3,N/A
"November 2, 2019",Louisiana,"Baton Rouge","137 Taylor St",0,4,N/A
"November 2, 2019",Michigan,Detroit,"7000 block of E. Kirby",1,4,N/A
"November 1, 2019",Arizona,Tolleson,"2434 S 86th Ln",0,5,N/A
"November 1, 2019",Texas,"San Angelo","1616 S Chadbourne St",0,4,N/A
"October 31, 2019",California,Orinda,"114 Lucille Way",5,3,N/A
"October 30, 2019",Pennsylvania,Philadelphia,"5026 Walton Ave",4,0,N/A
"October 29, 2019",California,"Long Beach","2709 E 7th St",3,9,N/A
"October 29, 2019",Maryland,Baltimore,"4700 block of Liberty Heights Ave",1,3,N/A
"October 28, 2019",Maryland,Baltimore,"4160 Pimlico Rd",1,3,N/A
"October 27, 2019",Michigan,Detroit,"East Outer Dr and Helen St",0,4,N/A
"October 27, 2019",Michigan,Lansing,"Balfour Dr and W Miller Rd",1,4,N/A
"October 26, 2019",Texas,Greenville,"2275 US-380",2,6,N/A
"October 24, 2019",Oklahoma,"Oklahoma City","1900 block of NW 12th St",2,2,N/A
"October 22, 2019",Oklahoma,"Oklahoma City (Midwest City)","7020 E Green Ave",1,3,N/A
"October 21, 2019","South Carolina",Sumter,"29 Wesmark Blvd",0,4,N/A
"October 20, 2019",Texas,"Port Arthur","1100 block of Vicksburg Ave",1,3,N/A
"October 19, 2019",Texas,"El Paso","3812 Truman Ave",1,3,N/A
"October 19, 2019",Pennsylvania,Duquesne,"600 block of Priscilla Ave",0,4,N/A
"October 15, 2019",Ohio,Columbus,"1600 block of Manchester Ave",0,4,N/A
"October 13, 2019",Pennsylvania,Philadelphia,"W Clearfield St and N 8th St",0,6,N/A
"October 13, 2019",Ohio,Akron,"Main St",0,4,N/A
"October 12, 2019","New York",Brooklyn,"75 Utica Ave",4,3,N/A
"October 12, 2019",Pennsylvania,Philadelphia,"700 block of W Russell St",1,3,N/A
"October 12, 2019",Illinois,Chicago,"6733 W Irving Park Rd",5,0,N/A
"October 12, 2019",Maryland,Baltimore,"800 block of W Lexington St",1,3,N/A
"October 12, 2019",Michigan,Eastpointe,"15163 E 10 Mile Rd",1,5,N/A
"October 10, 2019",Florida,Tampa,"5410 N Falkenburg Rd",2,2,N/A
"October 10, 2019",Pennsylvania,Philadelphia,"900 block of S 5th St",0,5,N/A
"October 9, 2019",Maryland,Baltimore,"1600 block of W North Ave",1,3,N/A
"October 7, 2019",Massachusetts,Abington,"135 Centre Ave",5,0,N/A
"October 6, 2019",Kansas,"Kansas City","1013 Central Ave",4,5,N/A
"October 6, 2019",Colorado,Denver,"7100 block of Ruth Way",0,4,N/A
"October 6, 2019",Indiana,Evansville,"1127 Chestnut St",0,5,N/A
"October 5, 2019",Missouri,"Saint Louis","10035 Crown Point Dr",0,5,N/A
"October 3, 2019","North Carolina",Roxboro,"700 South Foushee St",1,3,N/A
"October 3, 2019",Missouri,Marshall,"S Olson Ave",1,3,N/A
"October 1, 2019",Missouri,"Saint Louis","Leonor K. Sullivan Blvd and Poplar St",0,4,N/A
"September 29, 2019",Illinois,"Round Lake (Round Lake Park)","500 block of Fairlawn Ave",1,3,N/A
"September 29, 2019",Wisconsin,Milwaukee,"1500 block of N 29th St",0,4,N/A
"September 29, 2019",Florida,Jacksonville,"2200 block of Clemente Dr",0,4,N/A
"September 29, 2019",Kansas,Claflin,"1500 block of NE 100th Rd",0,4,N/A
"September 29, 2019",Texas,Beaumont,"4100 block of Highland Ave",4,0,N/A
"September 24, 2019",Illinois,Chicago,"2000 block of South Hoyne Ave",1,3,N/A
"September 23, 2019",Indiana,Gary,"1600 block of Connecticut St",2,2,N/A
"September 22, 2019",Missouri,"Kansas City","2111 Television Plaza",0,5,N/A
"September 21, 2019",Louisiana,"New Orleans","Poland Ave and St. Claude Ave",0,4,N/A
"September 21, 2019",Ohio,Cleveland,"3616 East 144th St",4,0,N/A
"September 21, 2019","South Carolina",Lancaster,"1399 Old Charlotte Rd",2,8,N/A
"September 21, 2019",Indiana,Indianapolis,"101 W Maryland St",0,6,N/A
"September 20, 2019",Louisiana,"New Orleans","Canal Blvd and City Park Ave",1,5,N/A
"September 19, 2019","District of Columbia",Washington,"1300 block of Columbia Rd NW",1,5,N/A
"September 18, 2019",Illinois,Chicago,"4200 block of W Madison St",3,1,N/A
"September 18, 2019",California,Wilmington,"800 block of Bayview Ave",2,2,N/A
"September 16, 2019",Wyoming,Cheyenne,"3436 E. 11th St",2,2,N/A
"September 14, 2019",Missouri,"Saint Louis","5200 block of Tennessee Ave",1,3,N/A
"September 14, 2019",California,Oakland,"38th Ave and MacArthur Blvd",1,4,N/A
"September 14, 2019",Georgia,Lagrange,"1400 block of Elm St",0,4,N/A
"September 12, 2019","New Mexico",Albuquerque,"1919 Ladera Dr NW",1,3,N/A
"September 12, 2019","New Mexico",Albuquerque,"1028 Lura Pl SW",4,2,N/A
"September 10, 2019",Illinois,Chicago,"2200 block of W Maypole Ave",0,4,N/A
"September 8, 2019","South Carolina",Sumter,"1083 Broad St",2,2,N/A
"September 8, 2019",Louisiana,Alexandria,"2900 block of Cypress St",1,3,N/A
"September 7, 2019","North Carolina",Whiteville,"Brittney Lane",3,1,N/A
"September 4, 2019",Florida,Jacksonville,"400 W 62nd St",0,4,N/A
"September 4, 2019",Louisiana,Marrero,"3044 Sorbonne Dr",2,2,N/A
"September 2, 2019",Alabama,Elkmont,"25019 Ridge Road",5,0,N/A
"September 2, 2019","North Carolina",Greensboro,"5528 W Market St",2,2,N/A
"September 2, 2019",Illinois,Chicago,"6200 block of S King Dr",0,4,N/A
"September 1, 2019",Connecticut,Hartford,"80 Edgewood St",1,3,N/A
"September 1, 2019","North Carolina","Rocky Mount","521 Country Club Road",0,4,N/A
"September 1, 2019",Alabama,Valley,"502 Boulevard",0,7,N/A
"September 1, 2019",Ohio,Toledo,"3257 Stickney Ave",0,4,N/A
"August 31, 2019",Texas,Odessa,"8250 TX 191",8,23,N/A
"August 31, 2019",Pennsylvania,Philadelphia,"4600 block of 4th St",2,2,N/A
"August 31, 2019","North Carolina",Charlotte,"10035 Dabney Dr",1,3,N/A
"August 31, 2019","South Carolina","Moncks Corner","336 Maplewood Rd",0,4,N/A
"August 31, 2019",Maryland,Baltimore,"900 block of N Monroe St",0,4,N/A
"August 31, 2019",Maryland,Frederick,"600 block of N Market St",0,4,N/A
"August 31, 2019",Illinois,Chicago,"7100 block of S Paulina St",2,3,N/A
"August 30, 2019",Alabama,Mobile,"1621 Virginia St",0,6,N/A
"August 30, 2019",Maryland,Baltimore,"1600 block of E 29th St",1,3,N/A
"August 29, 2019",Maryland,Baltimore,"2500 block of E Monument St",1,3,N/A
"August 25, 2019",Illinois,Chicago,"8200 block of S Maryland Ave",1,3,N/A
"August 25, 2019","New Mexico",Hobbs,"1700 block of East Bond St",3,4,N/A
"August 24, 2019",Maryland,"Temple Hills (Camp Springs)","6200 block of Maxwell Dr",0,7,N/A
"August 24, 2019",Massachusetts,Lynn,"Warren Street",1,3,N/A
"August 23, 2019",Texas,Houston,"4900 block of Southwind St",3,2,N/A
"August 23, 2019",Georgia,Dublin,"200 Riverview Park Dr",0,4,N/A
"August 23, 2019",Missouri,"Saint Louis","1122 Union Blvd",1,3,N/A
"August 22, 2019","South Carolina",Columbia,"851 Bush River Rd",2,2,N/A
"August 22, 2019",California,"Los Angeles","300 block of West Fifth St",0,4,N/A
"August 20, 2019",Georgia,Atlanta,"111 James P Brawley Dr SW",0,4,N/A
"August 18, 2019",Missouri,"Kansas City","770 W 47th St",0,4,N/A
"August 17, 2019",Texas,Houston,"12500 block of Mylla St",0,6,N/A
"August 15, 2019",Alabama,Montgomery,"847 N University Dr",2,3,N/A
"August 15, 2019",Pennsylvania,Philadelphia,"5800 block of N 15th St",0,5,N/A
"August 14, 2019",Pennsylvania,Philadelphia,"3716 N 15th St",0,6,N/A
"August 13, 2019",Washington,Tacoma,"E 38th St and E Roosevelt Ave",2,3,N/A
"August 12, 2019",Mississippi,Greenwood,"200 Young St",0,4,N/A
"August 11, 2019",Illinois,Chicago,"3500 block of W Lake St",0,6,N/A
"August 10, 2019",Virginia,Richmond,"6346 Midlothian Turnpike",0,4,N/A
"August 10, 2019",California,"San Francisco","1100 Fillmore St",0,4,N/A
"August 9, 2019",Illinois,Chicago,"7300 block of S Artesian Ave",0,4,N/A
"August 7, 2019",Missouri,"Saint Louis","4900 block of Plover Ave",3,1,N/A
"August 5, 2019","New York",Brooklyn,"216 Buffalo Ave",0,4,N/A
"August 4, 2019",Louisiana,"Lake Charles","110 Pryce St",0,4,N/A
"August 4, 2019",Illinois,Chicago,"1800 S Kildare Ave",1,7,N/A
"August 4, 2019",Tennessee,Memphis,"443 E Shelby Dr",1,3,N/A
"August 4, 2019",Illinois,Chicago,"2900 block of W Roosevelt Rd",0,7,N/A
"August 4, 2019",Ohio,Dayton,"419 E 5th St",10,17,N/A
"August 3, 2019",Texas,"El Paso","7101 Gateway Blvd",22,24,N/A
"August 2, 2019",Virginia,Suffolk,"200 block of N Broad St",2,3,N/A
"July 30, 2019",Ohio,Columbus,"1280 E Long St",0,5,N/A
"July 28, 2019",California,Gilroy,"7050 Miller Ave",4,17,N/A
"July 28, 2019",Pennsylvania,Philadelphia,"2600 block of Carroll St",1,5,N/A
"July 28, 2019",Wisconsin,"Chippewa Falls","16964 54th Ave",5,2,N/A
"July 28, 2019","District of Columbia",Washington,"637 T St NW",0,4,N/A
"July 28, 2019",Illinois,Chicago,"3938 W Roosevelt Rd",0,4,N/A
"July 27, 2019",Kansas,Wichita,"505 N Rock Rd",1,3,N/A
"July 27, 2019","New York",Brooklyn,"1555 Linden Blvd",1,11,N/A
"July 26, 2019",Washington,Kennewick,"E 10th Ave",1,3,N/A
"July 25, 2019",California,"Canoga Park","21901 Roscoe Boulevard",4,2,N/A
"July 21, 2019",Illinois,Chicago,"3900 block of Roosevelt Rd",0,4,N/A
"July 21, 2019","District of Columbia",Washington,"2300 block of 15th St NE",0,4,N/A
"July 20, 2019",Pennsylvania,Clairton,"501 Waddell Ave",0,4,N/A
"July 20, 2019",Maryland,Baltimore,"2800 block of Boarman Ave",1,3,N/A
"July 20, 2019",Illinois,Chicago,"2401 N Lake Shore Dr",0,7,N/A
"July 18, 2019",Illinois,Chicago,"3427 W Fulton Blvd",1,3,N/A
"July 17, 2019",Texas,Lubbock,"N Elder Ave and E Colgate St",1,3,N/A
"July 16, 2019",Texas,"San Antonio","6989 San Pedro Ave",0,4,N/A
"July 15, 2019",Georgia,Atlanta,"1572 Hardee St NE",0,4,N/A
"July 14, 2019",Illinois,Chicago,"4600 block of W Erie St",0,4,N/A
"July 13, 2019",Illinois,Chicago,"7900 block of S Loomis Blvd",1,4,N/A
"July 13, 2019",Pennsylvania,Philadelphia,"5433 Lansdowne Ave",0,7,N/A
"July 11, 2019",Texas,Houston,"5901 Royal Palms St",0,4,N/A
"July 8, 2019","District of Columbia",Washington,"3900 Martin Luther King Jr Ave SW",2,2,N/A
"July 7, 2019",Michigan,Flint,"Clio Rd and Myrtle St",0,6,N/A
"July 7, 2019",Missouri,"Saint Louis","N Tucker Blvd and Convention Plaza",0,5,N/A
"July 7, 2019",Illinois,Chicago,"5600 block of S Paulina St",0,4,N/A
"July 7, 2019",Illinois,Chicago,"600 block of W 61st Pl",0,4,N/A
"July 7, 2019","New Mexico",Albuquerque,"211 Gold Ave SW",0,4,N/A
"July 6, 2019",California,"San Jose","3036 Quinto Way",0,4,N/A
"July 6, 2019",Missouri,"Saint Louis","1921 Chambers Rd",5,0,N/A
"July 5, 2019",Massachusetts,Boston,"Maple St",0,6,N/A
"July 5, 2019",Illinois,Chicago,"1600 block of E 67th St",0,5,N/A
"July 5, 2019",Nevada,Reno,"600 block of Spokane St",1,3,N/A
"July 5, 2019","New York",Brooklyn,"Elton St and Belmont Ave",0,4,N/A
"July 4, 2019",Illinois,Rockford,"1100 block of Preston St",0,4,N/A
"July 4, 2019",Illinois,Chicago,"800 block of N Homan Ave",1,3,N/A
"July 4, 2019",California,"Los Angeles","1900 block of Adair St",0,4,N/A
"July 4, 2019",California,Fresno,"4700 block of E Hamilton Ave",1,3,N/A
"July 3, 2019",Texas,Katy,"5507 Everhart Manor Ln",2,3,N/A
"July 2, 2019",Missouri,"Saint Louis (Wellston)","6250 Page Ave",0,4,N/A
"July 1, 2019",Maryland,Baltimore,"1200 block of N Luzerne Ave",0,4,N/A
"June 30, 2019",California,Oakland,"3000 block of Brookdale Ave",0,4,N/A
"June 30, 2019",California,Yucaipa,"12700 block of California St",0,5,N/A
"June 30, 2019",Texas,Dallas,"3535 Munger Ave",2,2,N/A
"June 30, 2019","New York","Bay Shore","Farragut Ave",0,6,N/A
"June 29, 2019",Connecticut,Hartford,"Judson St and Martin St",0,4,N/A
"June 29, 2019",Louisiana,Gray,"2700 block of W Park Ave",0,4,N/A
"June 29, 2019",Illinois,Chicago,"2400 block of W Jackson Blvd",0,5,N/A
"June 29, 2019",Louisiana,"Baton Rouge","7132 Florida Blvd",0,7,N/A
"June 28, 2019","New Jersey",Paterson,"50 block of Jefferson St",0,4,N/A
"June 28, 2019",Connecticut,Hamden,"937 Choate Ave",0,5,N/A
"June 28, 2019",Georgia,Atlanta,"Ira St and Bass St SW",0,7,N/A
"June 28, 2019","New Jersey","Jersey City","167 Armstrong Ave",0,4,N/A
"June 28, 2019",Minnesota,"Saint Paul","909 Desoto St",0,5,N/A
"June 27, 2019",Georgia,Atlanta,"600 block of Parkway Dr",0,7,N/A
"June 26, 2019",Ohio,Akron,"900 block of Rowe St",1,3,N/A
"June 26, 2019",Wisconsin,Milwaukee,"2800 block of N 34th St",0,4,N/A
"June 23, 2019",California,"La Jolla","7500 block of Draper Ave",1,3,N/A
"June 23, 2019",California,"San Jose","568 Habbitts Court",5,0,N/A
"June 23, 2019",Indiana,"South Bend","1150 E Mishawaka Ave",1,10,N/A
"June 23, 2019",Ohio,Columbus,"1767 Genessee Ave",0,5,N/A
"June 23, 2019","South Carolina",Abbeville,"1108 Cambridge St",3,1,N/A
"June 22, 2019",Virginia,Hampton,"1st St and E Pembroke Ave",0,4,N/A
"June 22, 2019",Pennsylvania,Philadelphia,"2400 block of Moore St",0,4,N/A
"June 22, 2019",Maryland,Baltimore,"800 block of N Port St",1,4,N/A
"June 21, 2019",Michigan,Saginaw,"1506 N Charles St",1,3,N/A
"June 21, 2019",Illinois,Chicago,"6300 block of S King Dr",0,4,N/A
"June 21, 2019",California,"Santa Maria","519  West Taylor St",5,0,N/A
"June 21, 2019",California,Richmond,"700 block of 14th St",0,5,N/A
"June 20, 2019",Pennsylvania,Allentown,"343 Hamilton St",0,10,N/A
"June 18, 2019","New Jersey",Newark,"700 block of Dr Martin Luther King Jr Blvd",1,4,N/A
"June 17, 2019",Texas,"San Antonio","E Market St and Tower of the Americas Way",0,4,N/A
"June 17, 2019",Tennessee,Memphis,"2872 Coach Dr",0,5,N/A
"June 16, 2019",Pennsylvania,Philadelphia,"2910 S 70th St",1,5,N/A
"June 16, 2019",Kentucky,Louisville,"Dixie Highway and Ormsby Ave",1,6,N/A
"June 16, 2019",Iowa,"Des Moines","1200 block of Sampson St",0,6,N/A
"June 15, 2019",Louisiana,Shreveport,"2500 block of Hollywood Ave",0,4,N/A
"June 12, 2019","North Carolina",Charlotte,"305 N Graham St",1,3,N/A
"June 11, 2019",Colorado,Aurora,"12500 block of E Kansas Pl",0,4,N/A
"June 11, 2019",Georgia,Savannah,"6900 Block of Damascus Rd",2,2,N/A
"June 9, 2019",Ohio,Cleveland,"17218 Tarkington Ave",1,3,N/A
"June 9, 2019","New York",Buffalo,"2081 Niagara St",0,4,N/A
"June 9, 2019",Tennessee,Henning,"265 N Main St",1,3,N/A
"June 8, 2019",Washington,"White Swan","5151 Medicine Valley Rd",5,2,N/A
"June 8, 2019",Illinois,Chicago,"3500 block of W North Ave",0,4,N/A
"June 7, 2019",Texas,Austin,"8220 TX-71",0,5,N/A
"June 6, 2019",Illinois,Chicago,"2500 block of N Lake Shore Dr",1,3,N/A
"June 5, 2019",California,"Santa Rosa","828 W 9th Street",0,4,N/A
"June 1, 2019","South Carolina",Allendale,"473 Main St S",0,5,N/A
"June 1, 2019",Illinois,Chicago,"300 block of East Chicago Ave",0,4,N/A
"June 1, 2019",Virginia,Portsmouth,"1100 block of Mt Vernon Ave",1,3,N/A
"June 1, 2019",Illinois,Chicago,"5600 block of West Madison St",0,4,N/A
"June 1, 2019",Georgia,Atlanta,"12 Broad Street",0,5,N/A
"June 1, 2019",Georgia,Macon,"Suzanne Dr and Robinson Dr",2,4,N/A
"May 31, 2019",Virginia,"Virginia Beach","2405 Courthouse Drive",13,4,N/A
"May 31, 2019",California,"West Covina","306 N Hollow Ave",1,3,N/A
"May 30, 2019",Illinois,Robbins,"14000 block of Grace Ave",0,5,N/A
"May 29, 2019",Texas,Cleveland,"26311 TX-321",3,2,N/A
"May 29, 2019",Louisiana,Reserve,"300 block of Homewood Place",1,3,N/A
"May 27, 2019",Missouri,"Saint Louis","5900 block of Goodfellow Blvd",2,2,N/A
"May 27, 2019","District of Columbia",Washington,"1200 block of Sumner Rd SE",0,5,N/A
"May 27, 2019","New Jersey",Trenton,"100 block of Walnut St",1,5,N/A
"May 26, 2019","District of Columbia",Washington,"3509 Wheeler Rd SE",1,3,N/A
"May 26, 2019",Virginia,"La Crosse","800 block of Alvis Road",0,5,N/A
"May 26, 2019",California,Stockton,"600 block of E Oak St",1,3,N/A
"May 25, 2019","New Jersey",Trenton,"225 Brunswick Ave",0,9,N/A
"May 25, 2019",Michigan,Detroit,"3400 block of Devonshire",3,2,N/A
"May 25, 2019",Virginia,Chesapeake,"Holly Cove Dr and Schooner Trail",1,9,N/A
"May 25, 2019",Maryland,Baltimore,"500 block of N Belnord Ave",0,4,N/A
"May 25, 2019",Oklahoma,"Oklahoma City","N Kelley Ave and NE 26th St",0,5,N/A
"May 20, 2019",Oklahoma,Tulsa,"8118 E 16th St",2,2,N/A
"May 20, 2019",Louisiana,Alexandria,"1900 block of Bacon Street",1,4,N/A
"May 20, 2019",Ohio,Columbus,"2424 Sullivant Ave",0,4,N/A
"May 19, 2019",Oregon,Portland,"226 SE Madison St",0,5,N/A
"May 18, 2019",Mississippi,Cascilla,"700 Leverette Ln",1,4,N/A
"May 18, 2019",Alabama,Atmore,"100 Martin Luther King Avenue",1,8,N/A
"May 18, 2019",Indiana,Muncie,"2410 W. Euclid Ave",1,6,N/A
"May 18, 2019",California,"Long Beach","1616 West Pacific Coast Highway",1,4,N/A
"May 18, 2019",Iowa,"Cedar Rapids","70 Kirkwood Ct SW",2,2,N/A
"May 18, 2019",Nebraska,Omaha,"2825 Y St",0,4,N/A
"May 18, 2019","North Carolina","Winston Salem (Winston-salem)","4252 Cody Drive",2,4,N/A
"May 17, 2019",California,Sacramento,"7326 Stockton Blvd",1,3,N/A
"May 16, 2019",Ohio,Cleveland,"9500 Cardwell Ave",0,4,N/A
"May 15, 2019",Louisiana,"Saint Rose","100 block of St. Rose Ave",0,4,N/A
"May 14, 2019",California,"Los Angeles","1248 W 47th St",0,4,N/A
"May 13, 2019",Louisiana,"New Orleans","2100 block of 4th St",0,4,N/A
"May 13, 2019",Missouri,"Saint Louis","4047 Shreve Ave",4,1,N/A
"May 11, 2019",Pennsylvania,Effort,"Toll Rd and Bayberry Rd",0,4,N/A
"May 10, 2019",Pennsylvania,Philadelphia,"1900 block of N Croskey St",0,5,N/A
"May 10, 2019",Missouri,"Saint Louis","4000 block of Ashland Ave",0,6,N/A
"May 8, 2019",Indiana,Indianapolis,"Roache St and Rader St",0,4,N/A
"May 7, 2019",Colorado,"Littleton (Highlands Ranch)","8773 S Ridgeline Blvd",1,8,N/A
"May 5, 2019","New Jersey","North Bergen","2033 45th Street",1,4,N/A
"May 5, 2019",California,Oceano,"1001 Cabrillo Hwy",0,6,N/A
"May 4, 2019",Missouri,"Saint Louis","Union Blvd and Northland Ave",1,4,N/A
"May 4, 2019",Indiana,Indianapolis,"101 W Maryland St",0,4,N/A
"May 4, 2019",California,Stockton,"5105 Holiday Dr",1,4,N/A
"May 4, 2019",Delaware,Wilmington,"W 27th St and Tatnall St",0,4,N/A
"May 3, 2019",Texas,Dallas,"5400 Cedar Springs Rd",1,3,N/A
"May 3, 2019",Maryland,Baltimore,"1900 block of Ramsay St",0,5,N/A
"May 3, 2019",Maryland,Baltimore,"2500 block of E Biddle St",0,4,N/A
"May 1, 2019",Massachusetts,Boston,"32 Windermere Rd",1,3,N/A
"April 30, 2019","North Carolina",Charlotte,"9214 South Library Ln",2,4,N/A
"April 28, 2019",Tennessee,Nashville,"1407 Dr DB Todd Jr Blvd",0,7,N/A
"April 28, 2019",Alabama,Birmingham,"514 19th St Ensley",0,4,N/A
"April 28, 2019",Maryland,Baltimore,"2544 Edmondson Ave",1,7,N/A
"April 28, 2019",Ohio,"West Chester","4637 Wyndtree Dr",4,0,N/A
"April 27, 2019",Mississippi,Jackson,"700 block of Monterey St",1,3,N/A
"April 27, 2019",California,Poway,"16934 Chabad Way",1,3,N/A
"April 27, 2019",California,"Los Angeles","700 N San Fernando Rd",0,6,N/A
"April 21, 2019",Pennsylvania,Philadelphia,"1500 block of South 31st St",0,4,N/A
"April 20, 2019",Tennessee,Memphis,"761 Chestnut Ave",0,5,N/A
"April 20, 2019",Texas,"Corpus Christi","2900 block of Sunrise Ave",0,4,N/A
"April 19, 2019",Kansas,Wichita,"1628 S George Washington Blvd",0,4,N/A
"April 18, 2019",Kentucky,Louisville,"4000 block of Bells Ln",0,4,N/A
"April 16, 2019",Maryland,Germantown,"18700 block of Curry Powder Ln",1,3,N/A
"April 14, 2019",California,Stockton,"2539 E Main St",0,4,N/A
"April 14, 2019",Florida,Miami,"NW 19th Ave and 60th St",2,2,N/A
"April 14, 2019",California,Vallejo,"100 block of Princeton Ave",1,3,N/A
"April 13, 2019",California,"Moreno Valley","23500 block of Alessandro Blvd",0,4,N/A
"April 12, 2019",Illinois,Carbondale,"119 N Washington St",0,4,N/A
"April 11, 2019",Maryland,Baltimore,"2200 block of Ruskin Ave",1,3,N/A
"April 11, 2019",Arizona,Phoenix,"7112 W Minnezona Ave",3,2,N/A
"April 11, 2019",California,"Los Angeles","E 103rd St and S Main St",1,4,N/A
"April 9, 2019",Missouri,"Kansas City","5339 Michigan Ave",1,3,N/A
"April 7, 2019",Indiana,Indianapolis,"3600 block of Roosevelt Ave",2,2,N/A
"April 7, 2019","North Carolina","Winston Salem (Winston-salem)","515 N Cherry St",0,7,N/A
"April 7, 2019",Delaware,Wilmington,"940 N Pine St",0,6,N/A
"April 7, 2019",Louisiana,Shreveport,"433 Flournoy Lucas Rd",0,4,N/A
"April 6, 2019",Florida,Tallahassee,"500 block of Kissimmee St",0,4,N/A
"April 6, 2019",Illinois,Chicago,"6300 block of S Seeley Ave",0,6,N/A
"April 4, 2019",Florida,"Panama City","100 block of Allen Ave",1,3,N/A
"April 4, 2019",Georgia,Stockbridge,"300 block of Eagle Ct",3,2,N/A
"April 2, 2019",Mississippi,Hermanville,"13195 MS 18",0,4,N/A
"April 2, 2019",Kentucky,Covington,"300 block of 13th St",0,5,N/A
"March 31, 2019",Illinois,Chicago,"500 block of N Hamlin Ave",1,4,N/A
"March 31, 2019",Georgia,Atlanta,"3041 Landrum Dr SW",1,4,N/A
"March 31, 2019","South Carolina","North Charleston","1900 block of Jacksonville Rd",0,7,N/A
"March 28, 2019",Maryland,Baltimore,"6200 block of Boston St",0,4,N/A
"March 25, 2019",Nevada,"North Las Vegas","2400 block of W San Miguel St",0,5,N/A
"March 24, 2019",California,"San Francisco","1300 Fillmore St",1,5,N/A
"March 24, 2019",Arizona,Phoenix,"2202 W McDowell Rd",0,7,N/A
"March 19, 2019",Arizona,Phoenix,"8526 N 27th Ave",2,4,N/A
"March 17, 2019",Georgia,Augusta,"900 block of Broad St",0,4,N/A
"March 17, 2019",Georgia,Rochelle,"Dennis St",1,3,N/A
"March 17, 2019",Nevada,"Las Vegas","600 E Fremont St",0,4,N/A
"March 16, 2019","New Jersey",Camden,"619 Ferry Ave",1,3,N/A
"March 15, 2019",Alabama,Mobile,"515 Dauphin Island Pkwy",2,4,N/A
"March 14, 2019",Montana,Missoula,"5145 Airway Blvd",1,3,N/A
"March 11, 2019","New Jersey",Paterson,"291 12th Ave",0,4,N/A
"March 10, 2019",Louisiana,Shreveport,"2700 block of San Jacinto Ave",0,4,N/A
"March 10, 2019",Colorado,Denver,"15th St and Market St",1,4,N/A
"March 3, 2019",California,Oakland,"316 14th St",0,4,N/A
"March 3, 2019",Illinois,Chicago,"2900 block of E 79th St",0,6,N/A
"March 2, 2019",Arkansas,"Pine Bluff","723 East 25th Ave",1,4,N/A
"February 28, 2019",California,Oakland,"9755 Edes Ave",1,3,N/A
"February 22, 2019",Alabama,Birmingham,"1100 block of Carnation Dr",2,2,N/A
"February 21, 2019",Maryland,Baltimore,"500 block of Bloom St",1,4,N/A
"February 21, 2019",Kentucky,Elizabethtown,"600 N Miles St",2,2,N/A
"February 21, 2019",Texas,Houston,"12800 block of Eastbrook Dr",2,2,N/A
"February 20, 2019",Tennessee,Covington,"529 N College St",0,4,N/A
"February 17, 2019",Texas,Henderson,"504 S Van Buren St",2,2,N/A
"February 17, 2019",Indiana,Evansville,"664 E Illinois St",0,5,N/A
"February 17, 2019",Louisiana,"New Orleans","Tulane Ave and Elk Pl",1,5,N/A
"February 16, 2019",Mississippi,Clinton,"1214 Foxhill Dr",5,0,N/A
"February 15, 2019",Illinois,Aurora,"641 Archer Ave",6,6,N/A
"February 11, 2019",Texas,Livingston,"3628 FM 3126",5,0,N/A
"February 9, 2019",Virginia,Petersburg,"109 Perry St",0,4,N/A
"February 6, 2019","New York",Brooklyn,"1778 Fulton St",1,3,N/A
"February 5, 2019",Texas,"San Antonio","538 Hot Wells Blvd",2,2,N/A
"February 4, 2019","District of Columbia",Washington,"2341 Pennsylvania Ave SE",0,5,N/A
"February 4, 2019",Louisiana,"Baton Rouge","4000 block of Topeka St",0,4,N/A
"February 3, 2019",California,"Palm Springs","E Sunny Dunes Rd and El Placer Rd",4,0,N/A
"February 3, 2019",Illinois,Chicago,"938 E 75th St",2,5,N/A
"February 1, 2019",California,"San Diego","6800 block of Springfield St",0,4,N/A
"January 28, 2019",Texas,Houston,"7815 Harding St",2,5,N/A
"January 27, 2019",Alabama,Birmingham,"Avenue O and Warrior Rd",0,5,N/A
"January 26, 2019",Georgia,Albany,"300 block of W Roosevelt",0,4,N/A
"January 26, 2019",Indiana,Indianapolis,"2957 N Sherman Dr",0,5,N/A
"January 26, 2019","New Jersey",Newark,"612 Bergen St",1,3,N/A
"January 26, 2019",Louisiana,Gonzales,"42350 Church Point Rd",5,0,N/A
"January 24, 2019",Pennsylvania,"State College","1450 S Atherton St",4,1,N/A
"January 24, 2019",Georgia,Rockmart,"319 Williamson St",4,1,N/A
"January 23, 2019",Florida,Sebring,"1901 US 27 S",5,0,N/A
"January 20, 2019",Florida,Miami,"26133 SW 139th Ave",0,4,N/A
"January 19, 2019",Pennsylvania,Lebanon,"1140 Church St",0,4,N/A
"January 19, 2019",Texas,Houston,"7041 Sherman St",3,2,N/A
"January 19, 2019","South Carolina",Gaffney,"1435 Wilcox Ave",1,4,N/A
"January 19, 2019",Illinois,Chicago,"4400 block of W Madison St",0,4,N/A
"January 19, 2019",Florida,Jacksonville,"11445 Brian Lakes Drive",3,2,N/A
"January 17, 2019",Kentucky,Owensboro,"940 Audubon Ave",3,1,N/A
"January 16, 2019",Florida,Jacksonville,"Emerson St and Spring Park Rd",1,5,N/A
"January 16, 2019",California,Palmdale,"Ranch Center Dr and 40th St W",3,1,N/A
"January 15, 2019",Arkansas,"Little Rock","5420 Baseline Rd",1,4,N/A
"January 13, 2019",Arizona,Phoenix,"2445 E Van Buren St",1,5,N/A
"January 6, 2019","New Mexico",Roswell,"1300 block of W College Blvd",0,4,N/A
"January 4, 2019",Virginia,Hurt,"3197 Shula Dr",3,2,N/A
"January 4, 2019",California,Torrance,"22501 Hawthorne Blvd",3,4,N/A
"January 3, 2019",Arizona,Yuma,"3800 block of E. County 18½ St",1,3,N/A
"January 2, 2019",Arkansas,Jonesboro,"3516 Galaxy St",1,3,N/A
"January 1, 2019","South Carolina",Columbia,"1709 Decker Blvd",0,5,N/A
"January 1, 2019",Florida,Tallahassee,"2020 W Pensacola St",0,5,N/A